거리명,거리소개,소재지도로명,소재지지번주소,위도,경도,총길이,점포수,지정연도,관리기관전화번호,관리기관명,데이터기준일자,제공기관코드,제공기관명
강풀만화거리,지역 유명 작가의 만화(웹툰)과 마을 이야기를공공미술로 재구성한 이야기 골목길,서울시 강동구 천호대로 164길 4-1,서울특별시 강동구 성내동 160-18번지,37.5360829,127.1280477,1000.0,40,2013,3425-6130,서울특별시 강동구청 도시경관과,2023-08-18,3240000,서울특별시 강동구
문화의 거리,시장활성화+특색있는 거리 조성+보행환경개선를 위해 2009년도 조성,경상북도 영주시 구성로350번길,경상북도 영주시 영주동 377-3,36.8239565,128.6240847,245.0,170,2009,054-639-6662,경상북도 영주시청,2023-07-20,5090000,경상북도 영주시
녹동 음식특화거리,녹동구항 음식거리 일부를 유럽풍의 옥외음식 영업가능 거리로 조성,전라남도 고흥군 도양읍 비봉로 177,전라남도 고흥군 도양읍 봉암리 2786,34.5256702381,127.1357485953,90.0,12,2017,061-830-5442,전라남도 고흥군청,2023-12-07,4880000,전라남도 고흥군
창동 먹자골,음식점 특화거리,경기도 여주시 세종로 40번길 15,경기도 여주시 창동 146-3,37.2948487017,127.634332975,200.0,80,2012,031-887-2272,경기도 여주시청,2023-11-15,5700000,경기도 여주시
한재미나리와삼겹살거리,"청도 남산과 화악산 사이의 계곡을 따라 형성된 거리로 맑고 풍부한 지하수와 충분한 햇볕을 받아 자라 비타민과 무기질, 섬유질 함량이 풍부하여 해독과 혈액을 정화시키는데 좋은 알카리성 식품인 미나리와 뜨겁고 기름진 삼겹살은 음식 궁합이 잘 맞아 한재미나리와 삼겹살 음식점들이 전국적인 명성을 얻으며 성업 중인 곳임",경상북도 청도군 청도읍 새마을로 149-42,경상북도 청도군 청도읍 초현리 243-3,35.5734444,128.7580072,4230.0,25,2018,054-370-6172,경상북도 청도군청,2024-08-12,5190000,경상북도 청도군
40계단문화관광테마거리,6.25피난민들의 애환이 살아있는 40계단주변 테마거리,부산광역시 중구 중앙대로 73,,35.1039176,129.0324054,1697.0,65,2002,051-600-4042,부산광역시 중구청,2024-08-12,3250000,부산광역시 중구
영화의거리,121년의 역사를 가진 부산영화의 메카로서 부산국제영화제가 탄생한 영화거리(BIFF광장 일원),부산광역시 중구 비프광장로 20,,35.098738,129.027566,400.0,100,1996,051-600-4062,부산광역시 중구청,2024-08-12,3250000,부산광역시 중구
충무동 골목시장 고갈비특화거리,"충무동 골목시장에 추억의 향토음식인 고갈비를 특화한 거리로 골목시장 사거리에 있는 일명 파전골목을 기존 건물의 간판 등을 모두 철거·정비하고, 시장아치, 유도사인물 보수와 리모델링하여 고갈비전문 음식점 (12개 업소와 7개 이동식판매대)으로 변모하여 손님 맞이에 나서고 있다",부산광역시 서구 충무시장길 30(충무동1가),부산광역시 서구 충무동1가 29-1,35.09513362,129.0233074,568.0,98,2017,051-240-4475,부산광역시서구청,2024-11-20,3260000,부산광역시 서구
영천한방테마거리,영천한의마을 한방테마거리는 한방도시 영천에 대한 다양한 정보를 얻을 수 있는 영천 홍보관과 사상체질 진단체험을 통해 자신의 체질 정보를 확인하고 체험자에게 맞는 한약재와 약선음식 정보를 알아볼 수 있는 한의원과 옛날 한약방 한방체험실로 구성되어 있습니다.,경상북도 영천시 천문로 485,경상북도 영천시 화룡동 128,35.9775462,128.9218414,540.123,3,2018,054-330-2750,경상북도 영천시 시설관리공단,2024-11-20,5100000,경상북도 영천시
운연동 추어마을,"원래는 농촌마을이었으나 논에 미꾸라지가 많이 잡히면서 마을 주민들이 추어탕을 즐겨 만들어 먹었음. 서울식,남도식,원주식 등 손님의 입맛에 맞게 고를수 있는 추어탕 음식점이 밀집되어있어 2006년 특색음식거리로 지정",인천광역시 남동구 수인로 3536,인천광역시 남동구 운연동 40-15,,,392.0,10,2006,032-453-8472,인천광역시 남동구청,2024-11-18,3530000,인천광역시 남동구
구월문예길음식문화1번가,"이 지역은 일명 구월동 밴댕이 골목으로 대형쇼핑몰, 문화예술회관 등이 밀집되어있어 문화와, 예술, 쇼핑을함께 즐길수 있는 곳으로 2002년 월드컵을 대비하여 2001년 특색음식거리로 지정",인천광역시 남동구 문화서로 4번길 61-16,인천광역시 남동구 구월동 1406-4,,,450.0,73,2001,032-453-8472,인천광역시 남동구청,2024-11-18,3530000,인천광역시 남동구
소래포구신도로횟집거리,소래포구는 인천의 명소로 먹거리 발굴 및 육성을 위해 횟집 밀집지역인 신도로 지역을 2011년도에 특색음식거리로 지정,인천광역시 남동구 포구로 15,인천광역시 남동구 논현동 111-247,,,533.0,9,2011,032-453-8472,인천광역시 남동구청,2024-11-18,3530000,인천광역시 남동구
구월로데오음식문화거리,"백화점, 터미널, 쇼핑센터, 음식점 등이 밀집한 지역으로 인천의 핫플레이스로 2019년 음식문화거리로 지정",인천광역시 남동구 성말로 10,인천광역시 남동구 구월동 1463번지,,,720.0,85,2019,032-453-8472,인천광역시 남동구청,2024-11-18,3530000,인천광역시 남동구
문화의거리,"울산동헌과 문화의거리가 상가 주변에 위치하고 있어 원도심 도보 여행 코스로 적정한 장소이며, 거리내 다수의 미술작품이 설치되어 있고 거점건물에는 파사드를 설치하여 볼거리가 풍부한 지역이다.  ○ 중앙길상가 내 문화의거리 주변에는 문화예술업종이 50개소(갤러리, 공방, 조각 등)가 입점되어 있으며, 2019년 올해의 관광도시로 지정된 지역이다.",울산광역시 중구 중앙길 119,울산광역시 중구 성남동 87-5,35.55587829,129.320005,880.0,110,2009,052-290-3660,울산광역시 중구청,2024-11-13,3690000,울산광역시 중구
젊음의거리,"중앙전통시장과 연결되어 있으며 울산지역에서 젊은층(10~30대)의 유동인구가 가장 많은 지역이다.  ○ 인근에 대형 주차장이 다수 위치하고 있어 접근성이 좋으며, 전구간이 아케이드가 설치되어 있고,각종 조형물과 볼거리가 많은 지역이며, 대형영화관과 쇼핑 아울렛이 위치하고 있다.",울산광역시 중구 젊음의거리 49,울산광역시 중구 성남동 219-77,35.55402925,129.3194367,500.0,177,2007,052-290-3310,울산광역시 중구청,2024-11-13,3690000,울산광역시 중구
보세거리,"중구의 아케이드를 최초로 설치한 보세품목 전문 특화거리로 여성의류, 아동의류, 잡화품목이 분포하여 있다.",울산광역시 중구 먹자거리 25,울산광역시 중구 성남동 247-2,35.55475441,129.320971,120.0,55,2011,052-290-3320,울산광역시 중구청,2024-11-13,3690000,울산광역시 중구
음식문화특화거리,물왕동 주변 1.5KM 연음식 테마로드로 조성,"경기도 시흥시 동서로811번길, 경기도 시흥시 동서로857번길",경기도 시흥시 물왕동 151,37.38669547,126.8394896,1000.0,56,2010,031-310-2484,경기도 시흥시,2023-11-21,4010000,경기도 시흥시
한의약거리,한약재  판매점포 및 한의원등이 밀집해 있는 거리로 한의약에 대한 정보를 제공받을 수있음.,대전광역시 동구 중앙로 203번길 8,대전광역시 동구 중동 64-19,36.331282,127.4315912,250.0,90,1997,042-251-4613,대전광역시 동구청 일자리경제과 시장활성화,2023-11-14,3640000,대전광역시 동구
인쇄거리,예전 출판업이 번성했을 당시 지정되었던 거리로 인쇄업체가 밀집하여 있음.,대전광역시 동구 태전로 18,대전광역시 동구 중동 21-26,36.33222182,127.430403,750.0,422,1997,042-251-4613,대전광역시 동구청 일자리경제과 시장활성화,2023-11-14,3640000,대전광역시 동구
한복거리,중앙시장활성화구역안에 밀집해 있는 한복과 원단등을 주로 판매하는 구역,대전광역시 동구 중앙로 200번길 104,대전광역시 동구 원동 85-26,36.32646482,127.4335963,300.0,410,1997,042-251-4613,대전광역시 동구청 일자리경제과 시장활성화,2023-11-14,3640000,대전광역시 동구
공구거리,"대전역주변 구역으로 각종 공구 ,철물들을 판매하는 업체가 밀집",대전광역시 동구 대전로 774,대전광역시 동구 원동 20-13,36.32891644,127.4342509,250.0,35,1998,042-251-4613,대전광역시 동구청 일자리경제과 시장활성화,2023-11-14,3640000,대전광역시 동구
건설건축자재거리,건설건축자재를 판매하는 업체가 밀집하여 있는 구역,대전광역시 동구 충무로 190-24,대전광역시 동구 인동 44-2,36.32028226,127.4374648,1000.0,69,1999,042-251-4613,대전광역시 동구청 일자리경제과 시장활성화,2023-11-14,3640000,대전광역시 동구
중부건어물,중동지역 건어물 판매상이 밀집,대전광역시 동구 813번길 53,대전광역시 동구 중동 30-3,36.33129364,127.4292643,110.0,58,2002,042-251-4613,대전광역시 동구청 일자리경제과 시장활성화,2023-11-14,3640000,대전광역시 동구
안산상록수가구거리,안산시 유일의 가구유통매장 밀집지역으로 다양한 가구를 전시 및 할인 판매하고 있음,경기도 안산시 상록구 용신로 431,경기도 안산시 상록구 본오동 1114-10,37.301729,126.8701577,510.0,40,2013,031-481-2684,경기도 안산시청,2023-11-14,3930000,경기도 안산시
안산패션타운,"안산시 사동에 소재한 의류 상설할인매장으로 의류 유통업체가 다수 밀집되어 있어, 상시할인를 진행중에 있음",경기도 안산시 상록구 삼리로 49,경기도 안산시 상록구 사동 1530,37.30498141,126.8446652,620.0,113,2013,031-481-2684,경기도 안산시청,2023-11-14,3930000,경기도 안산시
안산패션일번가,안산시 고잔동에 위치한 의류상설할인매장으로 다양한 종류의 의류 유통업체가 입점하여 상시할인중인 장소임,경기도 안산시 단원구 중앙대로 907,경기도 안산시 단원구 고잔동 541,37.317144,126.8377162,250.0,120,2013,031-481-2684,경기도 안산시청,2023-11-14,3930000,경기도 안산시
생연음식문화특화거리,동두천 생연음식문화거리는 동두천의 생골과 연동마을의 첫글자를 따서 생연이라고 하였고 고구려시대부터 있었던 아담한 연못에서 유래하였습니다 생연로에 오시면 동두천의 역사를 간직한 중앙에 위치하고 있으며 이곳에는 내고향 최고의 맛집에 소개된 설렁탕과 한우구이를 비롯한 횟집과 삼계탕 중국음식으로 특이한 북경면등 다양한 음식업소가 밀집된 동두천의 역사이자 문화를 지닌 지역입니다,경기도 동두천시 생연로 172,경기도 동두천시 생연동 587-16,37.9077377,127.0532387,800.0,60,2013,031-860-2727,경기도 동두천시청 관광휴양과,2024-08-28,3920000,경기도 동두천시
보산동 외국인관광특구 특화거리,"보산동 외국인관광특구 특화거리는 동두천에 미군이 주둔하면서 자연발생적으로 조성된 이국적인 거리이며, 이 거리에 공방, 음악 등이 자리를 잡으며 세계의 다양한 볼거리, 즐길거리, 먹을거리가 있는 특화거리입니다.",경기도 동두천시 상패로216번길 42,경기도 동두천시 보산동 429-4,37.91584703,127.0565068,1200.0,228,1997,031-860-2727,경기도 동두천시청 관광휴양과,2024-08-28,3920000,경기도 동두천시
캠프보산월드푸드스트리트,보산동 외국인 관광특구의 경제 활성화를 위하여 동두천시와 경기문화재단이 협업하여 다양한 세계음식을 체험할 수 있는 음식문화 거리입니다.,경기도 동두천시 상패로216번길 42,경기도 동두천시 보산동 429-4,37.91584703,127.0565068,150.0,15,2020,031-860-2275,경기도 동두천시청 관광휴양과,2024-08-28,3920000,경기도 동두천시
소설 태백산맥 문학기행길,"소설 태백산맥의 배경지인 벌교읍 소재지를 무대로 소설 속 등장하는 적산가옥, 중도방죽 등으로 구성된 문학기행 길",전라남도 보성군 벌교읍 태백산맥길,전라남도 보성군 벌교읍 벌교리 640-2,34.843846,127.3432884,8000.0,13,2012,061-850-5211,전라남도 보성군청 문화관광과,2024-08-28,4890000,전라남도 보성군
향토음식거리,단양 향토음식(쏘가리) 특화 거리,충청북도 단양군 단양읍 수변로 111,충청북도 단양군 단양읍 별곡리 569-1,36.98541064,128.3707519,1.0,10,2010,043-420-3322,충청북도 단양군 보건소,2024-08-22,4480000,충청북도 단양군
함양건강100세음식지구,상림공원 주변 조성된 음식지구로 지역농산물을 활용한 건강한 음식을 손님들에게 서비스 함,경상남도 함양군 함양읍 필봉산길 49,경상남도 함양군 함양읍 교산리 1069-4,35.523709,127.7218596569,1100.0,17,2012,055-960-8332,경상남도 함양군청,2024-08-26,5460000,경상남도 함양군
지리산마천흑돼지촌 음식특화거리,마천면 일원 조성된 흑돼지전문점 음식지구로 지리산 흑돼지를 활용한 건강한 음식을 손님들에게 서비스 함,경상남도 함양군 마천면 당흥길 15,경상남도 함양군 마천면 가흥리 504-1,35.396929847,127.6630734,300.0,11,2021,055-960-8332,경상남도 함양군청,2024-08-26,5460000,경상남도 함양군
유엔참전기념거리,유엔평화문화특구 내 테마거리,부산광역시 남구 유엔평화로,부산광역시 남구 대연동 948-25,,,5040.0,100,2010,051-607-3604,부산광역시 남구청,2024-08-21,3310000,부산광역시 남구
음식특화거리,완도를 대표하는 음식점이 모여있는 거리로 주로 생선회 및 전복요리를 판매하고 있으며 완도를 찾은 관광객이 가장 많이 방문하는 음식특화거리임,전라남도 완도군 완도읍 해변공원로 124번길,,34.324519,126.748446,312.0,25,2003,061-550-5442,전라남도 완도군청,2024-08-14,4990000,전라남도 완도군
영광 법성포 굴비거리,굴비 식당과 판매점이 있는 거리,전라남도 영광군 법성면 굴비로,,35.359484,126.445767,2600.0,352,2021,061-350-5428,전라남도 영광군청,2024-08-16,4970000,전라남도 영광군
독산성 음식문화거리,경기옛길삼남길7코스인 독산성자락 주변 둘레길을 따라 40여곳의 다양한 맛집거리,경기도 오산시 독산성길,경기도 오산시 지곶동 277-1,37.17729832,127.0244593,3000.0,53,2013,031-8036-6824,경기도 오산시청,2024-07-31,4000000,경기도 오산시
교동귀금속골목,"1970년 대구역 남편 교동시장을 중심으로 한 시계매장들로부터 시작되었습니다. 하나 둘 모여든 업체는 당시 인기품목이었던 시계의 판매수리와 중고제품 판매를 중심으로 상권을 형성하였고, 1970년대 중반부터는 순금, 18K 공장들이 하나씩 자리잡기 시작하여 1980년대에 이르러서는 귀금속거리로 면모를 갖추기 시작하였습니다. 현대화된 시설과 전문화된 상품을 갖추어 대구 귀금속 도·소매상가로 형성되어 현재 300여개의 업체가 영업중입니다. 2005년 패션주얼리특구 지정에 이어 2011년에는 패션주얼리 전문타운이 개관함으로써 주얼리 산업의 메카로 떠오르고 있습니다.",대구광역시 중구 교동1길,대구광역시 중구 용덕동 1-12,35.8740268665,128.597391228,180.0,300,2011,053-661-2643,대구광역시 중구청,2024-08-08,3410000,대구광역시 중구
광명패션문화의 거리,패션유통업체밀집지역 (총 330M 길이에 50개소 점포가 있으며 다양한 패션 아이템을 쇼핑할 수 있는 장소),경기도 광명시 오리로,경기도 광명시 광명동 158-526,37.4784296568,126.8546627547,330.0,54,2000,02-2687-5578,경기도 광명시 패션유통사업협동조합,2022-09-29,3900000,경기도 광명시
광명가구문화의 거리,가구유통업체밀집지역 (총 960M 길이에 30여개 가구점이 위치하고 있으며 필요한 가구를 비교하며 구매할 수 있고 전시장을 언제나 이용하며 소핑할 수 있다.),경기도 광명시 광명로,경기도 광명시 광명동 101-2,37.48267671,126.8556574,960.0,27,1998,02-2066-8848,경기도 광명시 가구유통사업협동조합,2022-09-29,3900000,경기도 광명시
밤일 음식문화의 거리,"밤일마을의 유례는 밤나무가 많고 해가 잘 들어서 살기 좋은 마을로 전해지며 맛있고 정갈한 식당이 많은 곳으로 2013.03.26. 광명시 최초로 경기도 음식문화개선 특화거리로 지정 된 거리 입니다.총 점포수는 60여개로 1,500M에 걸쳐 있으며 음식문화를 선도하는 거리",경기도 광명시 밤일로,경기도 광명시 하안동 839-4,37.45191125,126.8648501,1500.0,60,2013,02-2680-5484,경기도 광명시청 위생과,2022-09-29,3900000,경기도 광명시
광명음식문화의거리,"광명사거리역을 중심으로 지하철 유동인구와 재래시장, 패션,가구 거리와 인접하고 대형마트, 영화관도 인접해 있어서 젊은층과 지역 주민들이 골고루 이용하는 상권으로 구도심의 먹거리 중심 상권",경기도 광명시 오리로,경기도 광명시 광명동 158-976,37.4794139605,126.8537474488,120.0,46,2021,02-2680-5484,경기도 광명시청 위생과,2022-09-29,3900000,경기도 광명시
서동공원(궁남지 부근) 음식특화거리,서동공원(궁남지)의 연꽃단지를 기반으로 관광산업과 연계하여 시설환경 정비 등 서비스 수준향상을 통한 음식점 특화 거리 육성,충청남도 부여군 궁남로,,36.275195,126.912697,850.0,42,2015,041-830-2573,부여군농업기술센터,2023-12-04,4570000,충청남도 부여군
볼래로 문화거리,"볼래로’라는 이름은 한글 보다의 ‘볼’, 한자 오다의 ‘來’, 한자 거리의 ‘路’의 합성어로 “즐겨볼래? 찍어볼래? 춤춰볼래? 놀아볼래?” 등 오감을 만족시키는 문화거리를 표현한 이름, 진주시 가좌동 일원(경상국립대학교 정문 ~ 개양오거리)의 가좌천변 약 800미터 구간에 예술, 문화, 젊음과 낭만이 있는, 세대간, 지역간 시민 모두가 함께 어울릴 수 있는 문화소통 공간 조성을 목적으로 2019년 조성된 문화거리",경상남도 진주시 진주대로,"경상남도 진주시 가좌동 912-1,506-8",35.1528010354,128.1048432452,800.0,0,2020,055-749-8595,경상남도 진주시청,2024-08-08,5310000,경상남도 진주시
가로수길,"진주시 중안동 · 인사동 일원(진주경찰서 사거리 ~ 진주교육지원청 ~ 진주초등학교) 약 500미터 구간에 도심 기반시설 노후화에 따른 원도심 활성화를 목적으로 2020년 조성된 문화거리로서, 플라타너스 가로수와 함께 아기자기한 카페, 소품점 등이 소소하게 어우러져 편안함과 생동감을 느낄 수 있는 거리",경상남도 진주시 비봉로,경상남도 진주시 중안동 17,35.1935970141,128.0808984008,300.0,39,2020,055-749-8595,경상남도 진주시청,2024-08-08,5310000,경상남도 진주시
교동전자골목,"교동시장 내 핵심상가로서 (구)동성로파출소에서 신한은행(대구중앙지점)으로 이어지는 골목을 중심으로  전자제품 판매업소가 즐비하게 들어서 있습니다. 이 곳에서는 컴퓨터와 주변기기, 그리고 텔레비전, 오디오 등의 영상,음향기기 등 각종 전기전자제품을 저렴한 가격에 판매하고 있어 일반시민들이 많이 찾고 있습니다. 또한 인근에는 오래된 분식점이 많이 있어서 먹을거리의 추억을 되살릴 수 있습니다.",대구광역시 중구 교동4길,대구광역시 중구 교동 79-1,35.87348496,128.5994525,260.0,127,2011,053-661-2643,대구광역시 중구청,2024-08-08,3410000,대구광역시 중구
남산인쇄골목,남산동 남문시장에서 계산오거리까지의 500여미터 남짓한 거리에는 각종 인쇄소와 기획사가 빽빽히 밀집해 있습니다. 인쇄골목은 1980년대초부터 서서히 형성되기 시작하여 1990년대 들어 급속한 팽창을 보였으며 현재 500여개의 업체가 영업중에 있습니다.,대구광역시 중구 명륜로6길 7-24,대구광역시 중구 남산동 247-12,35.86370997,128.5886655,500.0,520,2011,053-661-2643,대구광역시 중구청,2024-08-08,3410000,대구광역시 중구
남산자동차부속골목,"1968년경부터 명덕네거리 주변에 자동차 중고 부속상이 생겨나서 부속품판매 및 자동차수리를 하였으며 1978년 도로가 확장 개통되면서 남문시장에서 명덕네거리 일원의 골목을 중심으로 자동차 관련 점포들이 모여들어 오늘날의 상가가 형성되었습니다. 현재는 80여개의 업소가 오디오, 타이어, 에어컨, 시트커버, 썬팅, 기타 자동차부속품 판매와 자동차 수리를 하고 있어 자동차에 대한 원스톱서비스가 가능한 곳이라 할 수 있습니다. 2010년부터 매년 스트리트 모터 페스티벌이 개최되고 있으며 축제기간 중에는 세계의 명차들을 한 자리에서 만날 수 있습니다.",대구광역시 중구 명덕로35길 70,대구광역시 중구 남산동 596-7,35.85975833,128.5893663,550.0,88,2011,053-661-2643,대구광역시 중구청,2024-08-08,3410000,대구광역시 중구
대신미싱골목,1970년대 서문시장과 달성공원 사이 황폐한 골목으로 지가가 싸서 임대료 부담이 적어 일부 사업자가 이주하여 영업해 왔으며 1980년대부터 한집 두집 모이기 시작하여 1980~90년대에는 섬유경기활황과 어울려 전성기를 이루었습니다. 현재는 40여 업소가 영업 중에 있습니다.,대구광역시 중구 국채보상로93길 35,대구광역시 중구 대신동 64-25,35.87190056,128.5807448,200.0,49,2011,053-661-2643,대구광역시 중구청,2024-08-08,3410000,대구광역시 중구
대신양말골목,1980년대 원일상회 박정원씨가 최초로 양말소매상을 경영하였고 그 후부터 상인들이 모이기 시작하여 현재의 양말골목으로 형성되어 왔습니다. 계성초등학교 입구의 좁은 골목 양쪽으로 영업하고 있는 이 업소들은 다양한 양말을 저렴한 가격으로 판매하고 있습니다.,대구광역시 중구 달구벌대로 1991-11,대구광역시 중구 대신동 993,35.86587179,128.5820698,260.0,23,2011,053-661-2643,대구광역시 중구청,2024-08-08,3410000,대구광역시 중구
덕산떡전골목,"1940년경 염매시장에서 물물교환 등 노점시장으로 시작하여 6.25동란 이후 피난민들이 모여들면서 골목이 형성되었으며 처음에는 인근 상인들을 대상으로 한 떡행상으로 출발하였으나, 현재에는 혼수용/제수용 등 전문떡집 10여 업소가 영업중에 있습니다.",대구광역시 중구 종로,대구광역시 중구 계산동2가 263-5,35.86654706,128.592278,260.0,7,2011,053-661-2643,대구광역시 중구청,2024-08-08,3410000,대구광역시 중구
동인찜갈비골목,"1960년대 중반 현 동인동 골목일대에 술안주와 식사용으로 소갈비에 마늘과 고춧가루를 넣어 연탄불에 양재기로 찜을 해 요리하는 것이 점차 호응을 얻어 한집 두집 개업하고 확장하여 현재의 찜갈비 골목으로 자리매김 하였습니다. 동인동 찜갈비는 대구 특유의 매운맛이 살아있는 전통 음식이기도 합니다. 2003 대구하계유니버시아드 대회 이후 더욱 널리 알려지면서, 현재 전국 각지에서 동인동 찜갈비를 맛보기 위해 대구를 찾는 발걸음이 늘고 있습니다. 갈비하면 일반적으로 간장 양념을 떠올리게 되는데, 동인동찜갈비의 특징은 고춧가루와 마늘을 이용하여 매콤 달콤한 붉은 양념으로 소비자의 입맛을 신선하게 자극하는 것입니다. 질기지 않고 부드럽게 씹히는 고기맛과 마지막 남은 양념에 비벼먹는 밥맛이 일품입니다. 동인동찜갈비만의 매력은 찜갈비를 담는 용기에서도 찾아볼 수 있습니다. 현대인들에게 익숙한 세련된 용기 대신 6,70년대에 쓰던 노란색 찌그러진 양은 그릇이 밥상 위에 올라오는데, 이는 먹는 재미와 동시에 구수한 고향냄새까지 느낄 수 있으며 빠른시간에 조리가 되어 신선도가 좋은 찜갈비로 내·외국인 모두에게 각광받고 있는 음식으로 자리매김 하였습니다. 마늘과 생강 범벅인 양념을 처음 본 외지인들은 지레 겁을 먹지만, 한번 맛본 사람들은 그 특유의 맛에 빠져들어 다시 찾게 되는 음식입니다. 느끼하지 않고 칼칼하고 개운한 맛으로 현재 대구 맛의 명소로 자리 잡았으며 매출액의 일부를 정기적으로 기부하여 「착한골목 1호」로 지정되었습니다.",대구광역시 중구 동덕로36길 9-17,대구광역시 중구 동인동1가 297-2,35.87123339,128.6049435,90.0,9,2011,053-661-2643,대구광역시 중구청,2024-08-08,3410000,대구광역시 중구
봉산문화거리,"봉산문화거리는 서울 인사동거리에 비견되는 대구의 대표적인 문화예술거리입니다. 1980년대 중반부터 형성되기 시작한 이 거리는 현재 50여개의 화랑, 화방, 골동품점, 표구사 등이 들어서 있습니다. 초기에는 미술관련재료 판매, 표구 제작, 동양화 판매 위주였으나, 현재는 여러 화랑에서 다양한 미술작품을 전시,판매도 하고 있어서, 대구를 대표하는 화가들의 작품들을 이곳에서 구경할 수 있습니다. 대구시민의 문화적 욕구를 충족시키기 위해 매년 4월에는 봉산공예디자인전이 개최되고, 10월에는 봉산미술제가 개최되고 있습니다. 또한 2004년에는 봉산문화회관 바로가기 이 건립되어 각종 전시회 및 공연을 개최하여 봉산문화거리 활성화에 노력하고 있습니다.",대구광역시 중구 봉산문화길 49,대구광역시 중구 봉산동 225-5,35.86212205,128.5975199,630.0,92,2011,053-661-2643,대구광역시 중구청,2024-08-08,3410000,대구광역시 중구
북성공구골목,"국산공구가 생산되지 않던 1947년경 지금의 인교동 달성공원 입구 골목(당시 푸른다리)에서 미군부대로부터 불하된 폐공구를 수집하던 11명이 영업을 시작하게 된 것이 시초가 되었고, 기계공업의 발달로 관련업소가 계속 늘어나 집단상가를 이루면서 오늘날의 공구골목이 형성되었습니다. 현재 400여개의 업체가 각종 산업용 공구를 판매하고 있으며 공구골목의 역사와 애환을 담은 북성로공구박물관이 개관되었습니다.",대구광역시 중구 북성로 65-2,대구광역시 중구 북성로2가 61,35.87406657,128.5901068,1150.0,420,2011,053-661-2643,대구광역시 중구청,2024-08-08,3410000,대구광역시 중구
약전골목,"남성로 중앙치안센터 맞은편에는 170여개의 한약방과 한의원이 즐비하게 늘어서 있습니다. 도로를 따라 600여미터나 이어지는 이 약전골목은 조선시대(효종9년,1658년)에 개설된 약령시에 기원을 두고 있습니다. 대구는 약재의 본산지인 경상도를 배후에 두고 낙동강을 통한 운송도 수월하여 약령시가 자연스럽게 형성되었습니다. 조선시대 대구 약령시는 약재 수확기인 봄, 가을에 맞추어 한해에 두 번씩 열렸는데 성시를 이룰 때는 대구인구보다 약령시 출시자가 많을 정도였다고 합니다. 그러나 서양의 양약이 보급되고 일제의 탄압정책이 가중되면서 약령시는 점차 쇠퇴의 길로 들어서고 현재 자리에 약전골목이 조성되어 맥을 잇고 있습니다. 근래 들어 한약에 대한 일반인의 관심이 높아지면서 약전골목은 옛 명성을 회복하고 있고, 매년 5월의 약령시축제와 2003년 한방특구 지정, 약령시한의약박물관 건립으로 새롭게 활기를 띄고 있습니다. 약령시회관 2층의 약령시전시관에서는 인삼,산삼,녹용,해마 등 각종 한약재를 비롯하여 [동의보감], [동의수세보원] 등의 한의서와 약연, 약작두 등의 한방기구 등 한방관련용품 300여 점이 전시되어 있습니다.",대구광역시 중구 남성로 25,대구광역시 중구 남성로 51-6,35.86807041,128.5897262,630.0,183,2011,053-661-2643,대구광역시 중구청,2024-08-08,3410000,대구광역시 중구
인교동오토바이골목,"이 곳은 본래 하천이 흐르던 지역이었으나 1953년 하천이 복개되고 1961년 인교동 154번지 서울오토바이상회를 시작으로 오토바이 관련상가가 밀집되면서 오늘날의 오토바이골목이 형성 되었습니다. 서울, 대전의 오토바이상가와 함께 전국의 대표적인 오토바이골목으로 현재 60여개 관련 업소가 영업 중에 있으며, 저렴한 가격으로 다양한 오토바이를 판매하고 있어서 많은 사람들이 찾고 있습니다.",대구광역시 중구 서성로13길 64,대구광역시 중구 시장북로 20-2,35.87198956,128.5837897,450.0,55,2011,053-661-2643,대구광역시 중구청,2024-08-08,3410000,대구광역시 중구
종로· 진골목,"종루 앞에 직선으로 뻗은 길을 종로라고 했는데 과거 영남제일관에서 포정문까지 이르는 거리를 말합니다. 구한말부터 화교들이 정착하기 시작했으며 대구에서 최초로 가구상들이 밀집했던 곳이기도 합니다. 현재는 남성로 네거리를 중심으로 전통차, 다기세트, 한방, 골동품상들이 모여 전통물품 판매 상권을 형성하고 있습니다. 경상도 말로 ‘길다’에서 기원하는 진골목은 조선시대부터 이어져 왔으며 근대 초기 부자들이 사는 동네로 유명했습니다. 근대 문화재와 전통한옥들이 많이 남아있으며 미도다방, 정소아과의원, 진골목식당 등 훌륭한 풍경과 먹거리들이 어우러진 보행 관광지로 자리잡고 있으며 또한 나눔을 실천하는 「착한골목 4호」로 지정되기도 하였습니다.",대구광역시 중구 진골목길,대구광역시 중구 종로2가 60-1,35.86828328,128.5928999716,600.0,110,2012,053-661-2643,대구광역시 중구청,2024-08-08,3410000,대구광역시 중구
담빛길,"과거 죽물시장에서부터 시작된 죽공예의 전통문화유산, 관방천과 대숲이 어우러지는 생태문화가 공존되어 있는 담양의 원도심 구간",전라남도 담양군 담양읍 객사3길 1,전라남도 담양군 담양읍 객사리 194-3,35.3231512206,126.9814434138,1000.0,20,2016,061-380-2802,전라남도 담양군청,2022-09-30,4850000,전라남도 담양군
울주 언양봉계 한우불고기특구,한우불고기 판매 점포,울산광역시 울주군 언양읍 헌양길,,,,2000.0,26,2006,052-204-1624,울산광역시 울주군청,2023-11-02,3730000,울산광역시 울주군
울주 언양봉계 한우불고기특구,한우불고기 판매 점포,울산광역시 울주군 두동면 계명1길,,,,500.0,12,2006,052-204-1624,울산광역시 울주군청,2023-11-02,3730000,울산광역시 울주군
보수동책방골목거리,6.25피난시절 자연발생한국내 유일의 헌책방 테마거리,부산광역시 중구 책방골목길 8,,35.103456,129.026533,350.0,50,2009,051-600-4062,부산광역시 중구청,2024-08-12,3250000,부산광역시 중구
엔터테이너 거리,광복동+남포동 뒷골목 문화예술인들의 스토리와 엔터테이너들의 추억담을 들을 수 있는 테마거리,부산광역시 중구 남포길/구덕로14번길,,35.098512,129.032231,630.0,100,2017,051-600-4086,부산광역시 중구청,2024-08-12,3250000,부산광역시 중구
꽃바위 외국인 특화거리,"내국인 및 외국인의 자연스러운 방문과 활발한 문화교류의 글로벌 문화거리를 조성하고, 체계적인 가로정비를 통해 안전하고 쾌적한 거리를 조성하여 질높은 관광체험 제공 및 체류시간 연장으로 지역경제 활성화 유도",울산광역시 동구 남진길 52,울산광역시 동구 방어동 1146-33번지,35.480919,129.416137,1300.0,43,2016,052-209-3368,울산광역시 동구청,2024-08-12,3710000,울산광역시 동구
방어진 근대역사거리,"방어진의 생활 중심 변천사를 오래된 가게와 건물, 방어진역사관을 통하여 체험할 수 있는 거리",울산광역시 동구 동진5길 71,울산광역시 동구 방어동 175-6,35.48469222,129.4296634,700.0,42,2021,052-209-3873,울산광역시 동구청,2024-08-12,3710000,울산광역시 동구
이천동고미술거리,"1960년대부터 형성된 문화유산매매업소가 모여있는 곳으로 과거 우리선인들이 사용한 민속품,도자기,고가구를 많이 보유하고 있고,현대인에게 생소한 조상들의 생필품들이 가득하여 구경하는 재미가 쏠쏠하다. 외국인에게 인기가 많으며 특히,일본인은 지도와 정보를 입수하여 찾아온다고 한다. 외국인에게 많은 사랑을 받으며 경외감을 주는 우리 고미술품에 우리나라사람들의 관심과 사랑이 어느때보다 필요하다. 고미술품에 관심이 있다면 꼭 한번 방문할 만한 관광지로 추천한다.",대구광역시 남구 이천로32길,대구광역시 남구 이천동 399-3번지,,,800.0,23,2008,053-664-3252,대구광역시 남구청,2024-08-01,3440000,대구광역시 남구
대명공연거리,소극장 등 공연단체를 중심으로 형성된 공연 거리,"대구광역시 남구 명덕로, 현충로, 계명중앙1길",대구광역시 남구 대명3동,,,500.0,35,2010,053-664-3264,대구광역시 남구청,2024-08-01,3440000,대구광역시 남구
앞산카페거리,"일반주택들을 커피숍으로 리모델링 되어 형성된 대구광역시 남구 대명9동 일대를 앞산카페거리라 한다이곳에는 갤러리카페, 양옥집을 개조한 이탈리아 레스토랑 등 약50여개의 다양하고 매력적인 공간들이 즐비해 도심속의 이국적인 분위기를 연출한다또한 흐트러지게핀 벚꽃과, 이팝나무의 새하얀 꽃을 보며 봄의 정취를, 여름엔 앞산에서 불어오는 시원한 바람이, 가을에는 가로수들 사이로 떨어지는 은행잎을 밟으며 가을 낭만도 한껏 느낄수 있고, 겨울앤 앙상한 가지에 수천개가 넘는 꼬마전구의 화려한 빛의 향연을 볼 수 있다",대구광역시 남구 현충로 13~50 및 대명남로 157~193 일대,,,,1000.0,66,2010,053-664-2762,대구광역시 남구청,2024-08-01,3440000,대구광역시 남구
안지랑곱창골목,"안지랑 오거리에서 앞산 안지랑골로 통하는 길 중간에 형성된 안지랑 시장은 화려한 명성을 뒤로 하고 최근 양념 곱창집이 들어차 새로운 활력이 되고 있다. 1979년 경 안지랑 시장 쪽에 충북식당을 시작으로 1998년 IMF이후 생계유지 업소가 늘어나기 시작해 오늘에 이르렀다. 서민들이 부담없이 즐길수 있는 휴식처이자 최근엔 젊은층이 주도하는 젊음의 거리로 발전하였으며, 2012년도 전국5대 음식테마거리, 2015 한국관광100선에 선정되는 등 남구대표 맛거리로 전국은 물론 해외관광객들이 자주 찾는 명소이다",대구광역시 남구 대명로 36길 일대,,,,500.0,70,2011,053-664-2762,대구광역시 남구청,2024-08-01,3440000,대구광역시 남구
할랄음식문화거리,"예전의 모습 그대로 유지하면서 다양한 공방들과 수제품 및 샵들이 예쁘게 들어서기 시작했으며, 할랄음식 문화거리가 무슬림 관광객은 물론 할랄 음식을 찾는 관광객들이나 새로운 경험을 원하는 관광객들에게도 편의를 제공할 수 있다.",서울특별시 용산구 우사단로10길 23,서울특별시 용산구 이태원동 137-62,37.5333003,126.996914,485.0,96,2020,02-2199-6114,서울특별시 용산구청,2024-07-25,3020000,서울특별시 용산구
한남동카페거리,서울 용산구 한남동 카페거리가 가로수길과 명동을 뛰어넘는 신흥 쇼핑 성지로 변모했다. 대사관과 고급 주택만 있어 조용하던 부촌에 문화 시설을 시작으로 식당·카페들이 들어서자 사람이 몰리고 생기가 돌기 시작했다. 명품 패션·뷰티 브랜드도 한남동을 주목할 수밖에 없게 되면서 하나둘씩 모여들었다. 2004년 미술관 리움에 이어 2011년 뮤지컬 전용 극장 블루스퀘어가 들어서면서 전시와 공연을 보러 오는 사람들이 생기자 골목마다 카페가 생겨나 ‘한남동 카페거리’가 형성됐다.,서울특별시 용산구 이태원로54길 32,서울특별시 용산구 한남동 683-8,37.537044,127.001745,550.0,45,2020,02-2199-6114,서울특별시 용산구청,2024-07-25,3020000,서울특별시 용산구
함평천지 한우비빔밥 음식테마거리,1900년 초부터 함평 우시장을 중심으로 발달해 온 한우비빔밥을 주메뉴로 한 식당이 밀집되어 있는 거리,전라남도 함평군 함평읍 시장길(5일시장 내),,,,420.0,14,2014,061-320-1641,전라남도 함평군청,2024-07-30,4960000,전라남도 함평군
서문가구특화거리,다양한 브랜드의 가구판매장과. 주문제작공장. 가구수리점 등이 자리잡고 있는 도내 최대의 가구상권거리이다.,제주특별자치도 제주시 서문로 38-1,,33.5105169,126.5155358,250.0,23,2014,064-710-3078,제주특별자치도 소상공인과,2024-07-30,6500000,제주특별자치도
천지동 아랑조을거리,아랑조을거리는 알아서 좋을 거리 라는 뜻의 제주어로. 2013년 농림축산식품부 지정 우수외식업지구에 포함된 맛집특화거리이다.,제주특별자치도 서귀포시 중앙로 47번길 10,,33.2487319,126.5606428,700.0,63,2005,064-710-3078,제주특별자치도 소상공인과,2024-07-30,6500000,제주특별자치도
명동로/이중섭거리,많은 작품을 남긴 비운의 천재 이중섭 화백의 기념 미술관이 있는 거리이다.,제주특별자치도 서귀포시 명동로 19,,33.2474463,126.5639289,1000.0,200,1996,064-710-3078,제주특별자치도 소상공인과,2024-07-30,6500000,제주특별자치도
방어축제거리,국토 최남단 방어축제특화거리는 맑고 깨끗한 모슬포 지역에서 생산되는 농산물과 마라도. 가파도 청정해역에서 잡히는 자연산 활어와 해산물을 사계절 내내 만날 수 있는 거리이다.,제주특별자치도 서귀포시 대정읍 신영로72번길 14,,33.2197338,126.2511799,250.0,47,2011,064-710-3078,제주특별자치도 소상공인과,2024-07-30,6500000,제주특별자치도
흑돼지거리,30년의 오랜 전통을 자랑하고 있는 제주별미 흑돼지거리로. 인근에는 동문시장. 칠성로상점가 등이 있어 관광객들에게 인기가 많은 곳이다.,제주특별자치도 제주시 관덕로15길 26,,33.5155238,126.526964,200.0,9,2009,064-710-3078,제주특별자치도 소상공인과,2024-07-30,6500000,제주특별자치도
칠십리음식특화거리,서귀포의 칠십리 해안을 따라 조성된 음식특화거리로서. 청정 제주 바닷가에서 갓 낚아 올린 싱싱한 재료로 만든 제주의 향토음식을 만나 볼 수 있는 곳이다.,제주특별자치도 서귀포시 칠십리로 119,,33.2427423,126.5673082,1700.0,38,2008,064-710-3078,제주특별자치도 소상공인과,2024-07-30,6500000,제주특별자치도
국수문화거리,국수문화거리는 제주의 전통음식인 고기국수를 맛볼수 있는 특색있는 음식특화거리로서. 도민 및 관광객들에 오랫동안 사랑받아온 곳이다.,제주특별자치도 제주시 신산로 91,,33.5058163,126.535489,1000.0,9,2009,064-710-3078,제주특별자치도 소상공인과,2024-07-30,6500000,제주특별자치도
누웨마루거리,제주의 관문이자 글로벌 관광명소인 연동에 위치한 차 없는 거리로 다양한 문화컨텐츠와 연계한 쇼핑특화거리이다.,제주특별자치도 제주시 연동7길 31,,33.4870442,126.4908404,450.0,148,2009,064-710-3078,제주특별자치도 소상공인과,2024-07-30,6500000,제주특별자치도
서부두 명품횟집거리,제주도에서 가장 오래된 횟집거리로서. 공항에서 15분거리에 위치하여 접근이 용이하며 사시사철 신선한 횟감과 친절한 상인들을 만날수 있는 곳이다.,제주특별자치도 제주시 서부두길 16,,33.5176714,126.528338,250.0,16,2008,064-710-3078,제주특별자치도 소상공인과,2024-07-30,6500000,제주특별자치도
익산문화예술의거리,익산시 구도심 일원 KTX역세권과 연계한 주거문화상업 아트지구,전북특별자치도 익산시 중앙로(중앙동2가),전북특별자치도 익산시 중앙동2가 45,35.938749,126.948131,300.0,79,2012,063-859-5826,전북특별자치도 익산시청 문화관광산업과,2024-07-26,4681000,전북특별자치도 익산시
진평음식문화특화거리,젊은층의 독특한 문화와 음식이 있는 거리 조성으로 관광 인프라 및 지역경제 활성화기여,경상북도 구미시 인동28길 20 일원,경상북도 구미시 진평동 79-4,36.0948752,128.4278241,520.0,48,2015,054-480-5492,경상북도 구미시청,2024-06-30,5080000,경상북도 구미시
이태원길,지역 상업지구 주변을 문화와 감성의 예술거리 브랜드화하여 새로운 젊음의 거리를 통한 지역경제 활성화,대구광역시 북구 동천로 129-16(일원),대구광역시 북구 동천동 903-2(일원),35.94356443,128.559157,720.0,260,2019,053-665-4322,대구광역시 북구청,2024-07-19,3450000,대구광역시 북구
라온제나,금강하구언 강가에 카페와 레스토랑 횟집이 밀집되어 있는 음식문화 특화단지임,충청남도 서천군 장항읍 장산로,충청남도 서천군 마서면 당선리 93-4,36.00550921,126.732254,1400.0,30,2012,041-950-4079,충청남도 서천군,2024-07-09,4580000,충청남도 서천군
중리동 가구특화거리,가정.사무용 가구 소매업,대전광역시 대덕구 한밭대로,,36.359634,127.431518,200.0,35,2000,042-608-4523,대전광역시 대덕구청,2024-06-10,3680000,대전광역시 대덕구
법동 음식특화거리,요식업 위주의 식당 밀집지역,대전광역시 대덕구 계족산로 5번길,,36.365867,127.430762,300.0,153,2008,042-608-4523,대전광역시 대덕구청,2024-06-10,3680000,대전광역시 대덕구
목상동 음식특화거리,요식업 위주의 식당 밀집지역,대전광역시 대덕구 대덕대로 1470번길,,36.448438,127.411387,600.0,64,2013,042-608-4523,대전광역시 대덕구청,2024-06-10,3680000,대전광역시 대덕구
중리행복길 특화거리,요식업 위주의 식당 밀집지역,대전광역시 대덕구 중리남로 1~중리남로 58,,,,500.0,154,2019,042-608-4523,대전광역시 대덕구청,2024-06-10,3680000,대전광역시 대덕구
신탄진 새시장특화거리,요식업 위주의 식당 밀집지역,대전광역시 대덕구 신탄진동로 23번길,,,,250.0,50,2020,042-608-4523,대전광역시 대덕구청,2024-06-10,3680000,대전광역시 대덕구
꿈안전어울림꽃피는 여성친화 골목길,태안군 태안읍 동문2·4리에 위치한 대지길은 태안중학교 후문에서 시작해 터널길까지 약0.3km정도로 등하교를 하는 학생 뿐만 아니라 시내에 인접하여 마을 주민들도 많이 이용하는 거리로서  꽃과 함께 청소년 쉼터 테마거리로 조성하여 ① 청년층에게 새로운 문화의 장으로 ② 중장년층에는 옛시절 향수를 불러일으킬 수 있는 거리로 ▲ 모든 세대가 서로 공감하며 소통할 수 있는 문화공간,충청남도 태안군 태안읍 대지길 34,충청남도 태안군 태안읍 동문리 839-3,36.75458976,126.299535,260.0,60,2016,041-670-2313,충청남도 태안군청,2024-07-03,4620000,충청남도 태안군
행복로 문화의거리,"의정부시의 구도심지역의 교통체계를 개선하고, 시민의 여가공간 확보와 젊음이 넘치는 거리 조성",경기도 의정부시 행복로,경기도 의정부시 의정부동 180-11,37.73924561,127.0475838,607.0,300,2009,031-828-2963,경기도 의정부시 기업경제과,2024-06-30,3820000,경기도 의정부시
젊음의 거리,골목에서 풍기는 매력적인 자원들을 이용하여 편안하게 걷고 휴식하며 자기를 표현할 수 있는 문화공간의 가교 역할,경기도 안성시 대천동 80번지 일원,,,,500.0,150,2012,031-678-2492,안성시 문화관광과,2023-06-27,4080000,경기도 안성시
공도 걷고 싶은 거리,상점 이용뿐 만이 아닌 NEW WAVE센터를 중심으로 목공예+소믈리에 과정 등 다양한 체험활동이 가능함,경기도 안성시 공도읍 승두3길 7-7,,,,500.0,118,2011,031-678-2492,안성시 문화관광과,2023-06-27,4080000,경기도 안성시
안성맞춤먹거리타운,아파트 단지와 대학교 사이에 자리잡고 있어 젊은층이 좋아하는 호프집+선술집 및 퓨전 프렌차이즈 음식점과 직장인이 회식하기 용이한 고기구이집이 주를 이룸,경기도 안성시 한경대후문 일원,,,,500.0,50,2008,031-678-2492,안성시 문화관광과,2023-06-27,4080000,경기도 안성시
미사문화거리,미사역 일원 문화의 거리,,경기도 하남시 망월동 1101 + 경기도 하남시 망월동 1128,37.562956,127.192315,660.0,300,2022,031-5182-1466,경기도 하남시청 문화정책과,2023-12-01,4040000,경기도 하남시
향촌동 수제화골목,"과거 향촌동 일대는 예술인들이 즐겨찾는 문화의 거리였습니다. 1970년대부터 수제화공장 및 전문점이 하나둘씩 들어서 1980년대 본격적으로 수제화 골목으로 불리기 시작했습니다. 현재 향촌동 점포 및 공장, 재료상, 구두수리점이 모여 있으며, 디자인, 재단, 미싱, 신발바닥 등 수제화 기술분야의 장인들이 순수 100프로 가죽 수제화를 생산하고 있습니다. 생산된 제품은 전국으로 납품하고 있습니다.",대구광역시 중구 서성로14길 78,대구광역시 중구 대안동 19-3,35.87285539,128.5918285,300.0,58,2012,053-661-2643,대구광역시 중구청,2024-08-08,3410000,대구광역시 중구
더리미장어마을,지역 특색을 살린 음식 개발 육성하고 및 보급의 확산을 통하여 지역경제 발전 이바지,인천광역시 강화군 선원면 신정리일원,,37.726852,126.507941,200.0,5,2000,032-930-3832,인천광역시 강화군청,2024-08-13,3570000,인천광역시 강화군
선수벤댕이마을,지역 특색을 살린 음식 개발 육성하고 및 보급의 확산을 통하여 지역경제 발전 이바지,인천광역시 강화군 화도면 내리일원,,37.632067,126.396256,300.0,21,2009,032-930-3832,인천광역시 강화군청,2024-08-13,3570000,인천광역시 강화군
외포리꽃게마을,지역 특색을 살린 음식 개발 육성하고 및 보급의 확산을 통하여 지역경제 발전 이바지,인천광역시 강화군 내가면 외포리일원,,37.706041,126.380544,2000.0,8,2012,032-930-3832,인천광역시 강화군청,2024-08-13,3570000,인천광역시 강화군
강화별밤거리,지역 특색을 살린 음식 개발 육성하고 및 보급의 확산을 통하여 지역경제 발전 이바지,인천광역시 강화군 강화읍 관청리 일원,,37.752368,126.481831,300.0,27,2017,032-930-3832,인천광역시 강화군청,2024-08-13,3570000,인천광역시 강화군
복수 한우음식특화거리,"한우만을 취급하는 한우 전문 식당거리 조성, 산과 강이 어우려진 자연환경과 조화를 이룬 한우전문 외식거리, 정육점과 음식점의 공동운영으로 저렴한 가격으로 최상의 한우 제공, 한우 전문 음식점 23개소",충청남도 금산군 복수면 복수로,,,,11900.0,8,2009,041-750-2534,충청남도 금산군청,2024-08-13,4550000,충청남도 금산군
추부 추어탕거리,"하늘이 준 건강선물 인삼과 추어탕이 어우려진 인삼추어탕거리 조성, 추어탕 전문식당 밀집으로 다양하고 고유한 전통추어탕의 맛을 취향, 별로 선택하여 맛볼 수 있는 전문 추어탕거리, 추어탕 전문 음식점 23개소",충청남도 금산군 추부면 마전로,,,,2000.0,19,2009,041-750-2534,충청남도 금산군청,2024-08-13,4550000,충청남도 금산군
금강변 민물어죽마을,"금산 상류 청정지역에서 자란 민물고기로 요리한 전문 어죽마을, 산과 강이 어우러진 천혜의 자연환경과 어우러져 최상의 휴양 명소로 자리잡은 원골에 민물 전문 음식마을 조성, 민물 · 어죽 및 매운탕 전문음식점 28개소",충청남도 금산군 제원면 금강로,,,,4700.0,25,2009,041-750-2534,충청남도 금산군청,2024-08-13,4550000,충청남도 금산군
청도추어탕거리,"물이 맑기로 유명한 청도의 그 동맥인 청도천, 동창천에서 자생하는 황동어, 꺽지, 메기 등 잡어와 미꾸라지를 섞어 조리하는 웰빙 향토음식점들이  40년~50년의 역사를 자랑하며 운영하고 있음",경상북도 청도군 청도읍 청화로 202-3,경상북도 청도군 청도읍 고수리 969-20,35.64087777,128.7460137,251.0,8,2012,054-370-6172,경상북도 청도군청,2024-08-12,5190000,경상북도 청도군
나무전거리,"목재,문짝,씽크대,합판 등을 취급하고 창호를 비롯한 문 가공하는 거리",광주광역시 동구 경양로 300-1,광주광역시 동구 동명동 253-1,35.15439961,126.9221094962,610.0,85,2007,062-608-2715,광주광역시 동구청,2024-03-03,3590000,광주광역시 동구
전자의거리,"가전제품,전자부품,음향기기,전기자재,CCTV,컴퓨터,영상 및 방송시설 등 전자상가 중심의 상점거리",광주광역시 동구 독립로264번길 25,광주광역시 동구 대인동 27,35.1534492576,126.9136593315,210.0,102,2007,062-608-2715,광주광역시 동구청,2024-03-03,3590000,광주광역시 동구
아시아음식문화거리,각국의 음식과 문화를 맛보고 체험할 수 있는 음식테마거리 조성,광주광역시 동구 문화전당로35번길 18-1,광주광역시 동구 광산동 92-19,35.1453711,126.917253,600.0,280,2007,062-608-2413,광주광역시 동구청,2024-03-03,3590000,광주광역시 동구
예술의거리,"갤러리와 화방,표구점,골동품점, 소극장, 전통찻집이 모여있는 거리",광주광역시 동구 예술길 24,광주광역시 동구 궁동 52-2,35.1497647842,126.9186349338,603.0,220,1987,062-608-2407,광주광역시청,2024-03-03,3590000,광주광역시 동구
청산생선국수음식거리,청정지역에서 서식하는 민물고기를 이용한 생선국수와 도리뱅뱅이 등을 맛 볼 수 있는 음식거리,충청북도 옥천군 청산면 지전길+충청북도 옥천군 청산면 남부로 일원,,36.3447472,127.789367,567.0,8,2018,043-730-3422,충청북도 옥천군청,2024-08-01,4430000,충청북도 옥천군
구룡포 일본인 가옥거리,일제강점기 때 일본인 집단 거주지,경상북도 포항시 남구 구룡포읍 구룡포길 153-1,경상북도 포항시 남구 구룡포읍 구룡포리 153-1,35.99593285,129.5654046,453.0,14,2011,054-270-2274,경상북도 포항시청,2024-08-05,5020000,경상북도 포항시
행리단길 음식문화거리,화성행궁 근처에 행리단길이 조성되어 카페· 식당· 소품가게 등 데이트 코스로 각광받고 있음,경기도 수원시 팔달구 신풍로 47(신풍동) 일원,경기도 수원시 팔달구 신풍동 32-1,37.2852970853,127.0140820716,520.0,61,2023,031-228-2228,경기도 수원시청,2024-08-01,3740000,경기도 수원시
장다리로 음식문화거리,갈비· 경양식· 칼국수집 등 대형 맛집을 중심으로 외식대표메뉴들이 밀집되어있음,경기도 수원시 팔달구 장다리로 231(인계동) 일원,경기도 수원시 팔달구 인계동 971-5,37.2705028423,127.0261193,1000.0,78,2023,031-228-2228,경기도 수원시청,2024-08-01,3740000,경기도 수원시
권선2동 맛고을 음식문화거리,도·소매시장인 수원농수산물시장과 인접해 있어 신선한 재료공급이 가능한 80개소가 넘는 음식점이 모여있는 먹자골목,경기도 수원시 권선구 권중로56번길 32(권선동) 일원,경기도 수원시 권선구 권선동 1253-4,37.2531491,127.0296721,338.0,86,2024,031-228-2228,경기도 수원시청,2024-08-01,3740000,경기도 수원시
장안문거북시장길,30년 이상된 점포들이 대부분이며 설렁탕 곱창 보쌈 등 한식 위주의 음식점이 많음,경기도 수원시 장안구 정조로934 일원(영화동),경기도 수원시 장안구 영화동 302,37.2910355008,127.0127416693,255.0,35,2020,031-228-2228,경기도 수원시청,2024-08-01,3740000,경기도 수원시
파장천맛고을,콩요리 사골청국장 추어탕 오리고기 등 100㎡ 이상의 규모가 크고 오래된 전통음식점이 많음,경기도 수원시 장안구 파장천로 92 일원(파장동),경기도 수원시 장안구 파장동 328-1,37.3125975,126.9991118605,1500.0,40,2020,031-228-2228,경기도 수원시청,2024-08-01,3740000,경기도 수원시
반딧불이 연무시장 낭만거리,오징어 요리 매운탕 스테이크 등 다양한 먹거리가 있음,경기도 수원시 장안구 월드컵로428번길 20 일원(연무동),경기도 수원시 장안구 연무동 236-1,37.2943556,127.0264093,577.0,50,2020,031-228-2228,경기도 수원시청,2024-08-01,3740000,경기도 수원시
금곡동 어울림상가 음식문화거리,젊은층이 좋아하는 프랜차이즈 음식점 커피전문점 등이 많이 있음,경기도 수원시 권선구 금호로 73-17 일원(금곡동),경기도 수원시 권선구 금곡동 1136-1,37.2713841,126.9583412,964.0,76,2020,031-228-2228,경기도 수원시청,2024-08-01,3740000,경기도 수원시
화성행궁맛촌거리,수원화성박물관 수원통닭거리 지동순대타운 등이 도보로 10분 이내 거리에 있어 관광객들이 꾸준히 찾아오고 있음.,경기도 수원시 팔달구 행궁로 28 일원(남창동),경기도 수원시 팔달구 남창동 91-3,37.2800689,127.0147155,753.0,56,2020,031-228-2228,경기도 수원시청,2024-08-01,3740000,경기도 수원시
천천먹거리촌,한식 중식 일식 등을 취급하는 20년 이상된 먹거리촌으로 음식점과 한지 악기 건강식품점 등이 있으며 최근 젊은층이 선호하는 마카롱 와플 등의 까페들도 생기면서 남녀노소 즐길 수 있는 먹거리촌을 형성하고 있음.,경기도 수원시 장안구 덕영대로511번길 29-18 일원(천천동),경기도 수원시 장안구 천천동 507-14,37.2998041938,126.9799352,151.0,68,2021,031-228-2228,경기도 수원시청,2024-08-01,3740000,경기도 수원시
수원통닭거리,2019년 영화 극한직업에 수원의 대표 메뉴인 왕갈비와 통닭을 결합한 수원 왕갈비통닭이 나온 이후 통닭거리가 더 유명해져 많은 관광객이 찾고 있음.,경기도 수원시 팔달구 수원천로 311일원(남수동),경기도 수원시 팔달구 남수동 130-5,37.281261,127.0179478,367.0,68,2021,031-228-2228,경기도 수원시청,2024-08-01,3740000,경기도 수원시
호매실벚꽃음식문화거리,전국방방곡곡 특색있는 음식(경상도식 뭉티기 대구식 납작만두 충청도식 냉동삼겹살 제주도 특수돼지고기 전라도식 부침개 전국팔도 모듬 음식)을 넘어 세계적인 음식(중국 정통 양꼬치 경상원 청년창업사관학교 선정 퓨전음식 정통 이태리 파스타)까지 즐길수 있는 개성있고 경쟁력 있는 많은 음식점이 있음.,경기도 수원시 권선구 금곡로118번길 60(금곡동)일원,경기도 수원시 권선구 금곡동 1090-7,37.2718338,126.942575,150.0,67,2022,031-228-2228,경기도 수원시청,2024-08-01,3740000,경기도 수원시
맛고을 문화의 거리,100여개 점포중 50개소 이상 음식 상가 밀집지역의 음식 문화 거리,경상북도 예천군 예천읍 맛고을길 19,경상북도 예천군 예천읍 남본리 222-66,36.65532953,128.451009,900.0,50,2016,054-650-6231,경상북도 예천군청,2024-09-23,5230000,경상북도 예천군
영덕대게거리,200여개의 대게상가들이 밀집해있는 음식테마거리,경상북도 영덕군 강구면 강구대게길 31-2,경상북도 영덕군 강구면 강구리 475,36.35856042,129.3837963,1800.0,170,2015,054-730-6393,경상북도 영덕군청,2024-09-22,5180000,경상북도 영덕군
사후면세점 특화거리,"목포상권에 중국관광객을 유치하기 위해 목포역 인근 차 없는 거리를 중심으로 집단 사후면세점 지정, 쇼핑지도 제작, 중국어 안내판 정비, 상설이벤트 진행 등 쇼핑 특화거리를 조성",전라남도 목포시 영산로 93,전라남도 목포시명륜동 6-16,,,47700.0,41,2015,061-270-8636,전라남도 목포시청,2023-12-07,4800000,전라남도 목포시
남구바다맛길,대구문화예술회관 옆 성당못에서 서부정류장쪽으로 달리다 보면 왼편에 대형 회타운이 보인다. 여기가 속칭 남구 대명10동 ’복개천 번개어시장 회골목’. 93년쯤 복개천이 완공되자 수산물 도매상인들까지 대거 이곳으로 몰려들어 전성기엔 40개 업소가 북적 거렸다고 한다.,대구광역시 남구 대명복개로 9-2~대명복개로 30일대,,,,200.0,20,2011,053-664-2762,대구광역시 남구청,2024-08-01,3440000,대구광역시 남구
앞산맛둘레길,1950년대부터 앞산공원이 개발되고 등산객들을 상대로 하는 식당들이 생겨났음. 앞산순환도로를 따라 지금처럼 많은 음식점들이 들어서게 되었으며 규모와 분위기는 들안길과 비슷하지만 앞산이라는 자연경관과 함께 여유롭게 즐길수 있는 곳임,대구광역시 남구 앞산순환로 351~앞산순환로 559일대,,,,1500.0,57,2010,053-664-2762,대구광역시 남구청,2024-08-01,3440000,대구광역시 남구
봉덕맛길,"봉덕 구길의 맛 집 등을 재정비하여 찾아가고 싶고 맛이 어우러지는 옛 향기골목으로 새로이 조성하고자 2009년부터 정비공사를 실시하여 현재에 이러렀고 미식가들에게 휴식공간을 제공하고 안전한 먹거리, 특색있는 맛집골목으로 독창성을 발휘하여 남구의 새로운 랜드마크로 거듭났다.",대구광역시 남구 중앙대로 22길 146~중앙대로 22길 273일대,,,,700.0,35,2009,053-664-2762,대구광역시 남구청,2024-08-01,3440000,대구광역시 남구
명덕역물베기거리,"남구 대명2동 1823번지 주위의 자연부락으로서 현재의 경북예고, 경북여자상업고, 대구교육대학 등이 있는 자리로서, 예전 영선못으로 흘러 나온 물이 물길을 이루어 수로가 되었다는 뜻에서“물배길”혹은“물베기”라는 부락명이 생겼으며 또한  이곳에 참나무가 많아서“참나무 물베기”라고도 함.",대구광역시 남구 중앙대로 255,,,,800.0,46,2021,053-664-2762,대구광역시 남구청,2024-08-01,3440000,대구광역시 남구
강릉월화거리,무월랑과 연화낭자의 이야기가 있는 명소거리,강원도 강릉시 경강로 2112,강원도 강릉시 임당동 113-2,37.75538612,128.8981649,2000.0,76,2017,033-640-5908,강원특별자치도 강릉시청,2024-08-07,4201000,강원특별자치도 강릉시
남가람 문화거리,"역사, 문화, 예술도시인 진주의 전통과 독특한 문화적 개성을 지닌 도심속의 문화, 휴식공간",경상남도 진주시 강남로,"경상남도 진주시 칠암동 201-1,201-5",35.18555577,128.0942609,130.0,0,1992,055-749-8595,경상남도 진주시청,2024-08-08,5310000,경상남도 진주시
울산큰애기야시장,"2015년도 전통시장 야시장조성사업에 공모신청 하여 선정된 전국 2개 시장 중 하나이다. 울산 지역 최초의 상설 야시장으로 원도심 중앙 전통시장 일대에 국내 최장 및 최대 규모로 조성되었다. 먹거리, 볼거리, 즐길 거리가 풍부한 생활형 관광 야시장 육성을 목표로 하고 있으며, 폭넓은 연령층이 선호하는 다양한 먹거리를 35개 식품판매대에서 판매하고 있으며 각종 프로그램을 운영하고 있다. 연중 상설로 매주 화요일부터 일요일 오후 7시부터 다음날 오전 1시까지 열린다.○1구간 : 사주문입구 ~ 뉴코아아울렛(170m), 젊은층 유입을 위한 다양한 먹거리를 판매○2구간 : 오거리 ~ 보세거리(110m), 기성세대 중심의 먹거리 구간○3구간 : 오거리 ~ 농협 옥교동지점 앞(110m), 환경 개선사업을 통해 포장마차 특화거리로 조성",울산광역시 중구 번영로 329,울산광역시 중구 옥교동 120-2,35.55484063,129.323431,390.0,35,2015,052-290-3320,울산광역시 중구청,2024-11-13,3690000,울산광역시 중구
혁신도시명품음식거리,"혁신도시 종가로 7블럭 일대 거리 480m 구간에 울산 중구를 대표하는 전문 식당과 프리미엄 카페 50여 곳이 들어서는 명품음식거리 조성 사업이 진행 중이다. 중구의 기존 원도심 음식특화거리가 시민들이 부담없이 이용할 수 있는 맛있고 저렴한 음식을 위주로 조성되었다면, 이곳은 고급스런 음식과 품격있는 서비스로 차별화되는 프리미엄 음식 거리이다. 귀한 손님을 대접하고자 할 때 즐겨찾는 음식거리를 테마로 간판, 조형물, 주차장 등 세세한 부분까지 고려하여 관광도시 종갓집 중구의 또 다른 매력을 보여주고 있다. 현재 울산의 대표 맛집 함양집을 비롯한 10여 개의 업체가 성업 중이다.",울산광역시 중구 종가 8길 35,울산광역시 중구 복산동 278-1,35.56724904,129.3266622,480.0,50,2015,052-290-3730,울산광역시 중구청,2024-11-13,3690000,울산광역시 중구
맛고을길,서구청 후문을 중심으로 형성된 음식문화 시범거리,인천광역시 서구 탁옥로33번길 16,인천광역시 서구 심곡동 243,37.54549877,126.6736202,160.0,30,2005,032-560-4322,인천광역시 서구 식품산업위생과,2024-10-11,3560000,인천광역시 서구
검단먹거리타운,검단사거리역을 중심으로 형성된 음식문화 시범거리,인천광역시 서구 완정로 191,인천광역시 서구 왕길동 635-4,37.60265213,126.655133,230.0,51,2007,032-560-4322,인천광역시 서구 식품산업위생과,2024-10-11,3560000,인천광역시 서구
루원음식문화거리,루원시티 상가지역을 중심으로 형성된 음식문화 시범거리,인천광역시 서구 봉오재3로94번길 일원,인천광역시 서구 가정동 619-1,37.52720617,126.6697493,260.0,84,2020,032-560-4322,인천광역시 서구 식품산업위생과,2024-10-11,3560000,인천광역시 서구
"학동, 선소 퓨전 음식거리","한식, 양식, 일식 퓨전 특화음식","전라남도 여수시 시청동3길 3, 1층 +전라남도 여수시 시청동3길 34",전라남도 여수시 학동 85-12+전라남도 여수시 학동 177-7,34.759503,127.666023,287.0,35,2020,061-659-4350,전라남도 여수시청,2024-03-21,4810000,전라남도 여수시
해양공원 해물삼합거리,해물삼합 특화음식,"전라남도 여수시 이순신광장로 137, 제1동 2층 +전라남도 여수시 하멜로 102",전라남도 여수시 중앙동 266+전라남도 여수시 종화동 292-1,34.737881,127.739106,895.0,70,2020,061-659-4350,전라남도 여수시청,2024-03-21,4810000,전라남도 여수시
젊코 음식문화거리,"광장코아 맞은 편에 형성된 음식문화거리로, 먹거리, 볼거리, 쇼핑을 한번에 다 즐길 수 있어 젊은이들의 핫플레이스로 꾸준히 사랑받고 있으며 지하철 2호선 두류역과의 접근성이 좋고 인근 관광지로 두류역 지하상가, 롯데시네마 광장점, 두류공원, 이월드가 있다",대구광역시 달서구 달구벌대로344길 일대(두류동),,35.855621,128.553274,620.0,144,2023,053-667-2782,대구광역시 달서구청,2024-03-14,3470000,대구광역시 달서구
이곡으뜸길 음식문화거리,"국민연금공단, 식품의약품안전청, 차량등록사업소, 성서경찰서 등 인근 공공기관과 대단지 아파트가 어우러져 근로자들의 회식 및 가족 모임 장소로 사랑받고 있는 음식문화거리로 지하철 2호선 성서산업단지역과의 접근성이 좋으며 인근 관광지로 배실웨딩공원이 있다",대구광역시 달서구 달구벌대로251길 일대(이곡동),,35.797227,128.548106,590.0,93,2023,053-667-2782,대구광역시 달서구청,2024-03-14,3470000,대구광역시 달서구
신장쇼핑몰거리,송탄 관광특구내 미군 기지를 중심으로 쇼핑과 유흥 시설이 들어선 거리,경기도 평택시 쇼핑로 35 (신장동),경기도 평택시 신장동 324-11,37.081216,127.053327,245.0,147,1997,031-8024-3291,경기도 평택시청,2024-02-19,3910000,경기도 평택시
계양맛길 음식문화시범거리,"계양맛길에는 한식,일식,중식 등 각종 음식점이 밀집해 있어 입맛따라 메뉴를 선택할 수 있습니다. 맛길주변에 미래광장과 공원이 있어 맛있는 음식을 먹은 후 산책을 해도 좋습니다.",인천광역시 계양구 오조산로,인천광역시 계양구 계산동 1102,37.535131,126.737509,1440.0,56,2008,032-450-5436,인천광역시 계양구,2024-03-07,3550000,인천광역시 계양구
용종마을 음식문화시범거리,"용종마을은 소문난 맛집이 많고, 웰빙 위주의 깔끔한 식단으로 가족 단위의 외식장소로 많은 사랑을 받고 있습니다.",인천광역시 계양구 용마루길,인천광역시 계양구 용종동 219-6,37.542469,126.744619,2610.0,17,2010,032-450-5436,인천광역시 계양구,2024-03-07,3550000,인천광역시 계양구
허준테마거리,의성 허준과 동의보감의 우수성과 가치를 강조한 상징물들로 꾸며진 강서구 대표 테마거리,서울특별시 강서구 양천로55길,서울특별시 강서구 가양동 1477-2,37.565917,126.8499254,866.0,0,2014,02-2600-6804,서울특별시 강서구청,2024-03-06,3150000,서울특별시 강서구
인주장어촌,1970년대 아산만과 삽교천이 낚시로 유명해지면서 발생됨,충청남도 아산시 인주면 아산만로 1520번길 11,,36.861626,126.868861,890.0,5,2009,041-540-2248,충청남도 아산시,2024-04-30,4520000,충청남도 아산시
염치한우촌,1980년대 도축장을 주변으로 한우식당 형성,충청남도 아산시 염치읍 염성길 105,충청남도 아산시 염치읍 염성리 264-1,36.8156020142,126.9726822,200.0,8,2009,041-540-2248,충청남도 아산시,2024-04-30,4520000,충청남도 아산시
온주맛고을,623국도를 따라 형성된 맛집,충청남도 아산시 외암로 1400(읍내동),충청남도 아산시 읍내동 288-3,36.76078763,127.0168754,400.0,21,2015,041-540-2248,충청남도 아산시,2024-04-30,4520000,충청남도 아산시
보정동 카페거리,용인시 지정 1호 문화의 거리로 카페·레스토랑·의류 등 120여개의 점포가 밀집하였으며 각종 드라마·CF·화보 촬영장소로 더욱 유명해짐,경기도 용인시 기흥구 죽전로15번길 일원,경기도 용인시 기흥구 보정동 1185,37.32178221,127.1101038,12000.0,128,2014,031-324-2102,경기도 용인시청 관광과,2024-04-25,4050000,경기도 용인시
낙지특화거리,"버스터미널 주변상가 및 노점상에서 무안갯벌에서잡은 낙지를 요리 및 판매한는 사람들이 생겨나면서 낙지골목이란 명칭으로 불리우기 시작 현재 약 50여개상가중 39개 점포가 낙지 도소매 상가 및 낙지요리 식당입니다. 낙지요리에는 연포탕, 회무침, 비빔밥, 호롱 등이있습니다.",전라남도 무안군 무안로 497-1,전라남도 무안군 무안읍 성동리 1046,34.98837837,126.4779683,500.0,50,2018,061-450-0518,무안군보건소,2024-04-15,4950000,전라남도 무안군
내외동 무로거리,300여개의 다양한 음식점들이 500m 거리에 집적화,경상남도 김해시 내외중앙로,,,,500.0,300,2018,055-330-3414,경상남도 김해시,2024-08-01,5350000,경상남도 김해시
주촌축산물도매시장,170여개 점포수가 집적화된 축산물 특화거리,경상남도 김해시 서부로1403번길,,,,273.0,170,2018,055-330-3414,경상남도 김해시,2024-08-01,5350000,경상남도 김해시
진영패션아울렛거리,국도 양변에 아울렛 의류 매장이 집적되어 있음,경상남도 김해시 진영읍 진산대로,,,,2000.0,63,2018,055-330-3414,경상남도 김해시,2024-08-01,5350000,경상남도 김해시
남한산성 백숙거리,"남한산성 안에는 아주 먼 과거부터 사람들이 살기 시작하여 지금까지도 마을이 존재하고 있으며, 남한산성을 향해 구불거리는 숲길을 올라가다 보면 마을이 나타난다. 해발 400M 위치에 있는 경기도 광주시 남한산성면 산성리. 마을에 들어서면 사방이 성벽으로 둘러싸여 있고, 한옥 기와집들이 옹기종기 모여 있어서 참 아늑하다. 이 마을 주민들 대부분은 2, 3대째 닭과 오리백숙 음식점을 운영하며, 성 안에 살고 있는 토박이들이다. 그 오랜 세월 맥을 이어 온 음식은 바로 닭백숙. 총70여개의 음식점 중에 59곳이 닭백숙과 오리백숙을 팔고 있다. 이 곳 상인들은 상인회를 조직하여 닭과 오리를 공동구매하고, 여가활동 등을 함께 하는 이웃사촌으로 그 안에서 음식에 대한 맛과 정성도 뛰어나 많은 사람들이 찾고 있다. 또한 2014년에는 한국관광공사에서 음식테마거리로도 선정된바 있으며, 닭백숙은 인조임금이 항복을 결정하고 남한산성을 떠날 때 수라상궁이 임금님께 보양식으로 닭백숙을 올린 이래, 남한산성을 대표하는 토종음식으로 자리 잡게 되었다고 한다.",경기도 광주시 남한산성면 남한산성로 774,,37.478003,127.184304,2300.0,76,2014,031-760-8437,경기도 광주시청,2024-10-30,5540000,경기도 광주시
곤지암 소머리국밥 거리,예부터 경상도 지방에서 과거를 보러 가기 위해 지나던 길목 중 이곳에서 숙식할 때 주식으로 먹던 소머리국밥은 뜨거운 사골국물을 밥에 붓고 소 머릿고기를 썰어 함께 담아 양념장을 곁들여 먹는 국밥으로 맛이 아주 일품이다. 1980년대부터 곤지바위를 중심으로 소머리국밥을 판매하는 음식점이 점차 늘어나면서 거리가 형성됐다.,경기도 광주시 곤지암로 50번길,,37.350565,127.339584,320.0,6,2016,031-760-8437,경기도 광주시청,2024-10-30,5540000,경기도 광주시
분원 붕어찜 마을,"분원리는 원래 조선백자 도요지였으니 1976년 붕어찜 조리법이 경기도 향토지적재산으로 등록되고 1980년대에는 입소문을 타고 전국으로 유명해져 관광객들이 많이 찾고 있으며, 팔당호에서 잡은 붕어를 사용하여 시래기, 수제비 등을 넣어 만든 별미로, 얼큰하고 진한 양념이 밴 살코기와 우거지, 시래기, 깻잎 등의 조화가 일품이다.",경기도 광주시 남종면 산수로 1616,,37.495366,127.301152,700.0,29,2016,031-760-8437,경기도 광주시청,2024-10-30,5540000,경기도 광주시
박종철거리,민주열사 박종철을 기념하는 거리,서울특별시 관악구 대학5길,서울특별시 관악구 신림동 246-1,37.46917583,126.938215,100.0,15,2007,02-879-5603,서울특별시 관악구청,2024-10-01,3200000,서울특별시 관악구
화평동 냉면거리,세숫대야 냉면으로 유명한 특색음식거리,인천광역시 동구 화평로 10,인천광역시 동구 화평동 531-100,37.47836371,126.630196,320.0,12,1997,032-770-6523,인천광역시 동구청,2024-10-18,3500000,인천광역시 동구
송현동 순대골목,송현동 시장통 골목에 자리한 특색음식거리,인천광역시 동구 화도진로 41번길 3,,37.475368,126.633316,91.0,7,1997,032-770-6523,인천광역시 동구청,2024-10-18,3500000,인천광역시 동구
류현진 거리,류현진 선수와 야구를 상징할 수 있는 대표거리(동산로 및 새천년로),인천광역시 동구 동산로 58,인천광역시 동구 송림동 97-12,37.47303977,126.6488935,1420.0,2,2016,032-770-6103,인천광역시 동구청,2024-10-18,3500000,인천광역시 동구
문화의 거리,"차없는 길로 길거리공연 등 문화행사 진흥, 쾌적한 보행환경과 아름다운 경관조성","충청북도 제천시 풍양로13길, 의병대로17길",충청북도 제천시 중앙로1가 221-1,37.1371976195,128.2114682528,340.0,88,2002,043-641-6223,충청북도 제천시청,2024-10-10,4400000,충청북도 제천시
삼가면 도시재생 특화거리,"삼가 한우 식당이 밀집한 거리를 한우테마로 특화거리를 조성한 것으로 한우거리 상점 및 식당과의 경관 협정을 통한 가로환경의 통일성 추구 및 경관 개선하였으며, 거리 경관 개선, 간판 정비, 가로시설물 정리, 보행환경 개선, 소공원 조성 등 백의종군 이순신장군을 주제로 한 테마거리를 조성하였음",경상남도 합천군 삼가면 삼가1로,경상남도 합천군 삼가면 일부리 949,35.4128558,128.1252492,450.0,40,2022,055-930-3416,경상남도 합천군청,2024-10-07,5480000,경상남도 합천군
평촌일번가 문화의거리,60-70년대 동양 최대의 영화촬영소가 있었던 곳으로 상시공연이 가능한 문화공간,경기도 안양시 동안구 평촌대로 223번길,,37.390756,126.953433,357.0,0,2003,031-8045-2062,경기도 안양시청,2025-01-02,3830000,경기도 안양시
왕십리여행자거리,모텔촌에 한국의 고유한 정서(대동여지도여행을 모티브로 로고제작)를 가미한 도로정비 및 담장특화를 통해 지역주민과 여행자들에게 매력적인 거리로 조성,서울특별시 성동구 왕십리로20길,서울특별시 성동구 왕십리도선동,37.563065,127.035354,360.0,41,2016,02-2286-5193,서울특별시 성동구청,2024-12-11,3030000,서울특별시 성동구
마장동 축산물 특화 거리,"마장축산물 시장을 지역의 역사와 문화, 관광자원과 연계하여 지역주민들과 관광객이  즐길 수 있는 거리로 조성",서울특별시 성동구 마장로31길 40,서울특별시 성동구 마장동 510-3,37.5697983,127.0384315,595.0,1262,2003,02-2281-4446,마장축산물시장상점가진흥사업협동조합,2024-12-11,3030000,서울특별시 성동구
에덴맛길,하단동 동아대 근처 젊음의 거리를 따라 형성된 맛집 로드,부산광역시 사하구 낙동남로1423번길,,35.112047,128.963671,3780.0,50,2019,051-220-4417,부산광역시 사하구청,2024-12-10,3340000,부산광역시 사하구
월미도 특화거리,인천대교와 서해바다의 경관을 활용한 휴게 및 문화거리,인천광역시 중구 월미문화로 16 ~ 95,인천광역시 중구 북성동1가 98-6,37.4753171461,126.5975764251,766.0,50,2017,032-760-7502,인천광역시 중구청,2024-12-09,3490000,인천광역시 중구
공구의거리,다양성과 전문성을 갖춘 공구 특화 상점가,광주광역시 북구 하남대로,광주광역시 북구 운암동 1428,35.172019,126.8797519,1200.0,150,2003,062-410-6547,광주광역시 북구청,2024-12-02,3620000,광주광역시 북구
자동차의거리,차량용부품+수리 및 튜닝에 대한 모든것을 찾을 수 있는 자동차 관련 상점가,광주광역시 북구 자동차로,광주광역시 북구 임동 11-4,35.16275359,126.9001118,1600.0,70,2003,062-410-6547,광주광역시 북구청,2024-12-02,3620000,광주광역시 북구
건축자재의거리,건설+건축에 필요한 모든 자재를 구할 수 있는 자재 전문 거리,광주광역시 북구 독립로,광주광역시 북구 중흥동 662-2,35.159857,126.9138254,1500.0,66,2003,062-410-6547,광주광역시 북구청,2024-12-02,3620000,광주광역시 북구
패션의거리,패션과 문화를 함께 누릴 수 있는 광주 최대 의류업체 밀집거리,광주광역시 북구 설죽로,광주광역시 북구 용봉동 1371-1,35.17994823,126.8977166,1200.0,68,2010,062-410-6547,광주광역시 북구청,2024-12-02,3620000,광주광역시 북구
오리요리의거리,광주 명물음식 오리탕 전문업소가 밀집된 대표거리,광주광역시 북구 경양로,광주광역시 북구 유동 102-2,35.16126499,126.9056156,300.0,12,2003,062-410-6547,광주광역시 북구청,2024-12-02,3620000,광주광역시 북구
연수동 맛고을길,"음식문화시범거리는 연수동 소재의 음식점 밀집지역인 맛 고을길 을 중심으로 하여 상차림 간소화 운동을 비롯한 좋은 식단 운동을 실천하는 업소들을 선정하여 지정한 거리이다. 이 거리에서는 특색 있고 맛깔스러우면서도 안전한 먹거리를 제공하여 찾는 이들이 보다 수준 높은 음식문화를 누릴 수 있도록 할 것이다. 더불어 이곳에 오면 구이류, 찌게류, 회 등 다양한 음식으로 골고루 맛 볼 수 있다.",인천광역시 연수구 샘말로 21+30+38+43+44번길+청능대로 113번길 일원,인천광역시 연수구 연수동 628-12,37.41243422,126.6784491,232.0,129,2007,032-749-7952,인천광역시 연수구청,2024-03-31,3520000,인천광역시 연수구
선학동음식문화시범거리,선학동 먹자거리,인천광역시 연수구 학나래로 6+14+22+46+118번길 일원,인천광역시 연수구 선학동 408-5,37.42447097,126.697457,590.0,141,2013,032-749-7952,인천광역시 연수구청,2024-03-31,3520000,인천광역시 연수구
오송도송음식문화특화거리,구(舊) 송도 지역의 음식과 문화가 어우러진 오송도송 음식문화 특화거리,인천광역시 연수구 능허대로 267,인천광역시 연수구 동춘동 812,,,1193.0,158,2021,032-749-7952,인천광역시 연수구청,2024-03-31,3520000,인천광역시 연수구
학익법조타운먹거리촌,미추홀구특색음식거리,인천광역시 미추홀구 소성로185번길 23,인천광역시 미추홀구 학익동 240-38,37.44217872,126.6692965,500.0,64,2004,032-880-7997,인천광역시 미추홀구청,2024-05-27,3510500,인천광역시 미추홀구
용현동물텀벙이거리,미추홀구특색음식거리,인천광역시 미추홀구 독배로 403,인천광역시 미추홀구 용현동 509-166,37.45584953,126.6494948,100.0,4,1999,032-880-7997,인천광역시 미추홀구청,2024-05-27,3510500,인천광역시 미추홀구
석바위음식거리,미추홀구특색음식거리,인천광역시 미추홀구 석바위로 148-1,인천광역시 미추홀구 주안동 999-1,37.45966366,126.6892625,500.0,72,2012,032-880-7997,인천광역시 미추홀구청,2024-05-27,3510500,인천광역시 미추홀구
신해철거리,마왕 신해철을 기념하기 위한 작업실과 조형물이 있는 거리,경기도 성남시 분당구 발이봉로3번길 2 일원,경기도 성남시 분당구 수내동 89-1 일원,37.365733,127.126926,160.0,30,2018,031-729-2696,경기도 성남시 문화관광과,2024-05-26,3780000,경기도 성남시
생선회 특화지역,세계최대규모의 횟집 및 생선회 취급업소가 밀집한 민락횟촌,부산광역시 수영구 광안해변로~민락수변로 일원,,35.156926,129.126241,500.0,130,2011,051-610-4404,부산광역시 수영구청,2024-05-13,3380000,부산광역시 수영구
문화의 거리,"도심속 문화예술과 쇼핑, 보행자 중심의 거리",강원특별자치도 원주시 중앙로 59,강원특별자치도 원주시 중앙동 204-2,37.34769948,127.9523572,670.0,145,2009,033-734-8881,문화의 거리 상인회,2024-04-19,4191000,강원특별자치도 원주시
상봉먹자 특화거리,"특화거리 조성사업으로 경관조명, 상징조형물 설치, 보행환경 개선 공사를 통해 거리 경관을 개선하였으며, 상봉동의 중심 상권이자 우리구의 대표적인 먹자골목임.",서울특별시 중랑구 봉우재로33길,,37.594834,127.088651,500.0,136,2022,02-2094-2236,서울특별시 중랑구청 지역경제과,2024-05-01,3060000,서울특별시 중랑구
사가정51 특화거리,"사가정역 인근 조성된 특화거리로 상권 대부분이 음식점, 주점, 카페, 의류패션, 악세사리 판매점, 편의점 등 인근 대학 및 2~30대 젊은층 수요를 적극 반영한 상권으로  MZ세대의 집결지역으로 부상하고 있는 지역임.",서울특별시 중랑구 사가정로51길,,37.58226,127.087978,250.0,122,2022,02-2094-2236,서울특별시 중랑구청 지역경제과,2024-05-01,3060000,서울특별시 중랑구
태능시장 특화거리,"태능시장은 골목상권 활성화 일환으로 2022년 8월 중랑구 최초 ‘골목형 상점가’로 지정이 되었고, 특화거리 조성, 스카이 어닝 설치 등 끊임없이 거리 경관개선을 계속하면서 중랑구민의 사랑을 받고 있는 시장임.",서울특별시 중랑구 중랑역로,,37.606676,127.076775,322.0,87,2022,02-2094-2236,서울특별시 중랑구청 지역경제과,2024-05-01,3060000,서울특별시 중랑구
장미꽃빛거리 특화거리,"천혜의 자연환경인 중랑천을 활용하여 걷고 싶은 거리조성, 플리마켓, 버스킹 공연을 정기적으로 진행하고 있는 고품격 힐링 상권",서울특별시 중랑구 동일로163길,,37.6119918,127.0764697,120.0,79,2024,02-2094-2236,서울특별시 중랑구청 지역경제과,2024-05-01,3060000,서울특별시 중랑구
봉우시장 특화거리,"2024년 2월 골목형상점가로 지정이 된 골목상권으로 미용실, 음식점, 마트 등 생활밀착 서비스 업종으로 구성된 상권",서울특별시 중랑구 봉우재로14길,,37.5903501,127.0779529,160.0,68,2024,02-2094-2236,서울특별시 중랑구청 지역경제과,2024-05-01,3060000,서울특별시 중랑구
연제평생학습특화거리,배움을 공유하고 많은 지식을 얻을 수 있는 연제구 평생학습 특화거리,부산광역시 연제구 아시아드대로 22번길,,35.187395,129.070151,240.0,10,2013,051-665-4505,부산광역시 연제구청,2024-05-17,3370000,부산광역시 연제구
미음나루음식문화특화거리,"미음나루는 조선시대 이전부터 한강을 오가는 배들의 중간 쉼터이자, 지금의 남양주시와 하남시의 미사리를 건너던 곳이었다. 그 덕에 사람의 왕래가 많아 이들을 대상으로 한 주막들이 꽤나 번성 했다. 안동김씨 후손의 호를 따서 이름이 붙혀진 나루터로 현재는 예전의 뱃사공 은 사라지고 한강변을 따라 드라이브를 즐기러 온 사람들이 뱃사공을 대신한다. 인근 야산에 축조된 수석리 토성은 삼국시대에는 한강변을 지키는 전략적 요충지의 일환으로 중요시 되었던 곳으로 여겨진다. 이곳 미음나루풍속마을 주변에는 매운탕과 장어구이 등 음식점이 30여개가 밀집되어 있고 분위기 있는 까페와 한정식 집들이 미식가들의 입맛을 돋우고 있으며 철에 따라 변화하는 강변의 풍광과 한강의 야경을 즐기려는 많은 사람들의 발걸음이 끊이질 않고 있다.",경기도 남양주시 강변북로 632번길 26(수석동),경기도 남양주시 수석동 168,37.58582383,127.1730352,580.0,33,2007,031-590-2237,경기도 남양주시청 위생과,2024-05-08,3990000,경기도 남양주시
삼봉리 음식문화마을,"북한강변에 위치한 삼봉리 음식문화 마을은 수려한 자연환경과  다산 정약용 유적지, 북한강 수상스키장, 자전거도로 등의 관광자원을 가지고 있는 지역으로 20여개의 음식점과 10여개의 까페들이 영업중에 있으며  특히 이 지역의 식당들은 직접재배하고 가꾼 농산물을 가지고 조리판매를 하고 있어 꾸준히 외식관광객들이 찾고 있음",경기도 남양주시 조안면 북한강로 856,경기도 남양주시 조안면 삼봉리 277-1,37.59238925,127.337477,1280.0,27,2013,031-590-2237,경기도 남양주시청 위생과,2024-05-08,3990000,경기도 남양주시
광릉숲음식문화특화테마거리,"능안마을은 오랜 역사를 가진 집성촌이 아닌 6.25 전쟁이후 형성된 마을로 향토음식을 기반으로 17개의 업소가 영업중에 있으며, 인근에는 969년(광종 20)창건된 봉선사와 국립수목원과 광릉 및 크낙새서식지 등 관광자원이 풍부한 지역임",경기도 남양주시 진접읍 광릉수목원로 179-19,경기도 남양주시 진접읍 부평리 258-49,37.74711118,127.1874489,480.0,15,2015,031-590-2237,경기도 남양주시청 위생과,2024-05-08,3990000,경기도 남양주시
부평문화의거리,차없는 거리로 지정된 각종 공연과 다양한 문화활동이 펼쳐지고 있는 인천 최대 규모의 의류 중심 거리,인천광역시 부평구 부평문화로,인천광역시 부평구 부평동 201-141,37.49384712,126.724759,270.0,218,2013,032-509-6540,인천광역시 부평구청,2024-02-29,3540000,인천광역시 부평구
월곡동세계음식문화거리,다양한 국적의 음식점들이 한데 모인 세계문화음식테마거리,광주광역시 광산구 산정공원로,광주광역시 광산구 산정동 945-1,35.171948903,126.8039183599,549.0,16,2019,062-960-6857,광주광역시 광산구청,2024-02-28,3630000,광주광역시 광산구
문화의거리,공연+특산품 및 지역생산품 판매+각종 행사 등 문경의 문화를 느끼고 즐길 수 있는 거리,경상북도 문경시 중앙8길,경상북도 문경시 점촌동 268-46,36.59519266,128.2002866,350.0,60,2013,054-550-6346,경상북도 문경시청 도시과,2024-02-23,5120000,경상북도 문경시
짬뽕특화거리,전통과 특색있는 군산의 짬뽕 관광자원을 활용 특화거리 조성,전북특별자치도 군산시 동령길 57,전북특별자치도 군산시 장미동 21-5,35.98883933,126.713992,779.0,8,2019,063-454-3413,전북특별자치도 군산시청,2024-01-30,4671000,전북특별자치도 군산시
건대로데오거리,유명 의류 상설할인매장 및 일반상점가가 밀집되어 있는 젊은 패션 문화의 거리,서울특별시 광진구 동일로20길,,37.53963156,127.0695303,610.0,60,2000,02-450-7314,서울특별시 광진구청,2024-01-24,3040000,서울특별시 광진구
중곡동가구거리,"혼수용가구, 공예가구, 나전칠기, 주방가구, 사무용가구, 수입가구 등 다양한 가구가 밀집되어 있는 서울의 대표 가구거리",서울특별시 광진구 천호대로(군자교에서 어린이대공원 후문),,37.55647745,127.0809738,1400.0,40,1995,02-450-7314,서울특별시 광진구청,2024-01-24,3040000,서울특별시 광진구
구의역미가로,일반음식점 및 휴게음식점,서울특별시 광진구 자양로18길,,37.537912,127.085795,600.0,208,1995,02-450-7314,서울특별시 광진구청,2024-01-24,3040000,서울특별시 광진구
건대맛의거리,일반음식점 및 휴게음식점,서울특별시 광진구 동일로22길,,37.540711,127.069953,1600.0,797,1995,02-450-7314,서울특별시 광진구청,2024-01-24,3040000,서울특별시 광진구
건대양꼬치거리,일반음식점 및 휴게음식점,서울특별시 광진구 동일로18길,,37.538064,127.068975,550.0,75,1995,02-450-7314,서울특별시 광진구청,2024-01-24,3040000,서울특별시 광진구
능마루맛의거리,일반음직점 및 휴게음식점,서울특별시 광진구 능동로36길,,37.555614,127.081179,360.0,73,1995,02-450-7314,서울특별시 광진구청,2024-01-24,3040000,서울특별시 광진구
걷고싶은거리,구도심 지역에 위치한 상가 밀집 거리,전북특별자치도 전주시 완산구 전주객사 4길+5길,전북특별자치도 전주시 완산구 고사동 203-6,35.820152,127.1448794,830.0,142,2003,063-281-5325,전북특별자치도 전주시청,2024-01-17,4641000,전북특별자치도 전주시
공구의거리,공구 관련 상가들이 밀집한 거리,전북특별자치도 전주시 완산구 대동로,전북특별자치도 전주시 완산구 고사동 227-19,35.82238346,127.1433985,830.0,136,2003,063-281-5325,전북특별자치도 전주시청,2024-01-17,4641000,전북특별자치도 전주시
동문문화거리,한옥마을과 인접해 각종 문화시설 밀집,전북특별자치도 전주시 완산구 동문길,전북특별자치도 전주시 완산구 경원동2가 24-6,35.81852882,127.149929,810.0,73,2003,063-281-5325,전북특별자치도 전주시청,2024-01-17,4641000,전북특별자치도 전주시
영화의거리,구도심 영화관이 밀집한 거리,전북특별자치도 전주시 완산구 전주객사 3길+4길,전북특별자치도 전주시 완산구 고사동 362-3,35.82077651,127.1429409,310.0,105,2003,063-281-5325,전북특별자치도 전주시청,2024-01-17,4641000,전북특별자치도 전주시
웨딩거리,웨딩관련 업종의 상가가 밀집,전북특별자치도 전주시 완산구 전라감영 2길+3길+4길+5길,전북특별자치도 전주시 완산구 중앙동3가 102-5,35.8167099,127.144755,550.0,94,2003,063-281-5325,전북특별자치도 전주시청,2024-01-17,4641000,전북특별자치도 전주시
차이나거리,중국 소주시와 자매결연을 기념으로 조성된 거리,전북특별자치도 전주시 완산구 전라감영 2길,전북특별자치도 전주시 완산구 다가동1가 44-1,35.81562472,127.1417361,250.0,42,2003,063-281-5325,전북특별자치도 전주시청,2024-01-17,4641000,전북특별자치도 전주시
쌍화차거리,"난방시설이 잘되어 있지 않던 시절, 추운 겨울날 정읍경찰서 구치소에 수감된 사람들에게 몸을 녹이라고 가족들이 쌍화차를 사식으로 넣어주기 시작하면서부터 유래되었다고 전해짐",전북특별자치도 정읍시 중앙1길,전북특별자치도 정읍시 수성동 637-3,35.56749723,126.856254,350.0,15,2016,063-539-5602,전북특별자치도 정읍시청,2024-01-24,4691000,전북특별자치도 정읍시
라페스타 문화의 거리,"총 6개동, 2만여 평의 초대형 쇼핑몰로 패션 상가 및 음식점, 다양한 공연 등이 펼쳐지는 젊음의 거리",경기도 고양시 일산동구 중앙로 1275번길 60-30,경기도 고양시 일산동구 장항동 768,37.66021217,126.7691061,300.0,129,2004,031-920-9600,라페스타관리단,2024-03-25,3940000,경기도 고양시
덕이동 패션 아울렛,패션의류 및 잡화업종 유명 브랜드 할인점이 다수 입점한 쇼핑의 거리,경기도 고양시 일산서구 탄중로101번길 13,경기도 고양시 일산서구 덕이동 384-1,37.69302242,126.7557859,280.0,129,2011,031-925-0606,덕이동소상공인협동조합,2024-03-25,3940000,경기도 고양시
화정문화의거리,덕양구 화정역을 중심으로 재미있는 길거리 공연과 쇼가 펼쳐지는 젊음의 거리,경기도 고양시 화정로 63,경기도 고양시 덕양구 화정동 963,37.63518041,126.8325979,800.0,686,2015,031-936-9344,화정동 상가발전협의회,2024-03-25,3940000,경기도 고양시
"국동 장어탕, 횟집거리","장어탕, 횟집 특화음식",전라남도 여수시 어항단지로 13+전라남도 여수시 어항단지로 63-3,전라남도 여수시 국동 1082-7+전라남도 여수시 국동 1082-51,34.725235,127.712517,407.0,10,2009,061-659-4350,전라남도 여수시청,2024-03-21,4810000,전라남도 여수시
봉산동 게장백반거리,"간장게장, 양념게장 특화음식",전라남도 여수시 봉산남4길 12 + 전라남도여수시 봉산남3길 19,전라남도 여수시 봉산동 282-10+전라남도 여수시 봉산동 265-23,34.732763,127.720092,180.0,12,2009,061-659-4350,전라남도 여수시청,2024-03-21,4810000,전라남도 여수시
좌수영음식문화거리,"장어탕, 서대회 특화음식",전라남도 여수시 중앙로 72-16 +전라남도 여수시 교동남1길 6-17,전라남도 여수시 중앙동 775+전라남도 여수시 교동 572-2,34.739714,127.735486,276.0,29,2020,061-659-4350,전라남도 여수시청,2024-03-21,4810000,전라남도 여수시
덕양곱창전골거리,"곱창전골, 막창구이 특화음식",전라남도 여수시 소라면 하세동길 8-1 +전라남도 여수시 소라면 덕양로 448-2,전라남도 여수시 덕양리 1271+전라남도 여수시 덕양리 1275,34.797945,127.631559,82.0,16,2020,061-659-4350,전라남도 여수시청,2024-03-21,4810000,전라남도 여수시
영동 와인삼겹살거리,10여개 와인과 삼겹살이 조화되는 식당이 있는 거리,충청북도 영동군 영산로3길,,,,2773.0,6,2015,043-740-3791,충청북도 영동군청,2022-06-16,4440000,충청북도 영동군
병천순대거리,순대국밥집이 밀집되어 있는 거리,충청남도 천안시 동남구 병천면 아우내순대길,충청남도 천안시 동남구 병천면 병천리 289-14,36.7596683,127.2970403,500.0,20,2008,041-521-5609,충청남도 천안시청,2024-06-07,4490000,충청남도 천안시
백양사 먹거리타운,"봄에는 벚꽃이, 여름에는 신록이, 가을에는 단풍이, 겨울에는 설경이 아름다운 백양사 일원에 황금밥상(연잎밥, 황금두부, 쌈밥 등) 거리 조성",전라남도 장성군 북하면 백양로,,35.427976,126.879276,400.0,14,1990,061-390-7343,전라남도 장성군청,2024-06-02,4980000,전라남도 장성군
장성호 미락단지,"장성호 하류의 미락단지는 조선시대부터 민물고기 전문요리가 이어져 왔으며 메기탕, 메기찜, 빠가탕 등이 유명하다",전라남도 장성군 장성읍 미락단지길,,35.343484,126.816809,1000.0,13,2000,061-390-7343,전라남도 장성군청,2024-06-02,4980000,전라남도 장성군
장성읍 먹거리타운,남도 어머니의 손맛이 느껴지는 애호박찌개는 두툼하게 썬 애호박 특유의 향과 아삭함이 매력적임,전라남도 장성군 장성읍 청운길,,35.299882,126.780184,380.0,20,2000,061-390-7343,전라남도 장성군청,2024-06-02,4980000,전라남도 장성군
이태원세계음식거리,"예쁘고 독특한 카페, 색다른 분위기의 루프탑, 그리고 미국, 이탈리아, 스페인, 일본, 인도, 태국, 베트남, 중국을 비롯한 한국과 이슬람 음식을 파는 식당과 술집들이 골목 양쪽에 늘어선 거리. 개성이 넘치는 가게들이 밀집된 거리는 순간순간 세계 각국을 이동하는 기분을 느낄 수 있다",서울특별시 용산구 이태원로 27가길 40,서울특별시 용산구 이태원동 116-7,37.535028,126.992952,480.0,106,2013,02-2199-6114,서울특별시 용산구청,2024-07-25,3020000,서울특별시 용산구
베트남퀴논거리,한국 용산구와 베트남 빈딩성 퀴논(꾸이년)시의 우호관계를 상징하는 거리,서울특별시 용산구 이태원로20길 2-12,서울특별시 용산구 이태원동 64-56,37.533923,126.991505,330.0,143,2016,02-2199-6114,서울특별시 용산구청,2024-07-25,3020000,서울특별시 용산구
경리단길,"번화가라 하기엔 조그마한 편이고, 이태원동에 속한 지역이지만 이태원과는 이질적인 분위기 때문에 유명했었다. 과거 육군중앙경리단이 이 길 초입에 있어 경리단길이라는 이름이 붙었다.",서울특별시 용산구 회나무로 45-1,서울특별시 용산구 이태원동 211-30,37.539969,126.991652,925.0,161,1969,02-2199-6114,서울특별시 용산구청,2024-07-25,3020000,서울특별시 용산구
삼산디자인거리,울산의신흥 쇼핑메카로 음식점+카페+책방+악세사리점 등 쇼핑과 먹거리에 대한 정보를 제공받을 수있음.,울산광역시 남구 삼산중로74,울산광역시 남구 삼산동 1527-1,35.53993324,129.3389913,416.0,131,2010,052-226-3534,울산광역시 남구청,2024-11-30,3700000,울산광역시 남구
바보디자인거리,울산대학교의 대학로로 음식점+카페+책방+악세사리점 등 쇼핑과 먹거리에 대한 정보를 제공받을 수있음.,울산광역시 남구 대학로84,울산광역시 남구 무거동 632,35.54321605,129.260325,395.0,146,2010,052-226-3534,울산광역시 남구청,2024-11-30,3700000,울산광역시 남구
왕생이길(1구간),달동문화공원과 연계한 문화 예술거리로 카페와 음식점이 형성되어 있음,울산광역시 남구 왕생로,울산광역시 남구 달동 1323,35.54471934,129.328826,418.0,49,2012,052-226-3534,울산광역시 남구청,2024-11-30,3700000,울산광역시 남구
왕생이길(2구간),울산의 역사+문화가 어우러진 예술이 어우러진 거리로 다양한 음식점과 웨딩관련 상점들이 조성되어 있음,울산광역시 남구 왕생로,울산광역시 남구 달동 1368-5,35.54045231,129.3306056,535.0,138,2016,052-226-3534,울산광역시 남구청,2024-11-30,3700000,울산광역시 남구
중촌동 맞춤거리 상점가,중촌동 옷맞춤 특화거리,대전광역시 중구 동서대로 1421번길 33(중촌동),대전광역시 중구 중촌동 411-5,36.33614052,127.4124519,450.0,50,2011,042-606-7223,대전광역시 중구청,2024-11-18,3650000,대전광역시 중구
충무자동차거리 상점가,자동차 특화거리,대전광역시 중구 충무로 122-1(대사동),대전광역시 중구 대사동 69-46,36.3186165,127.4304265,770.0,70,2012,042-606-7223,대전광역시 중구청,2024-11-18,3650000,대전광역시 중구
오류동 특화거리 상점가,음식특화거리,대전광역시 중구 계룡로 874번길 13(오류동),대전광역시 중구 오류동 153-1,36.32310538,127.4104115,400.0,61,2011,042-606-7223,대전광역시 중구청,2024-11-18,3650000,대전광역시 중구
상주읍성 문화거리,옛 읍성의 서쪽길로 문화의 거리 조성,경상북도 상주시 서성3길,경상북도 상주시 서성동 92-1,36.4178389,128.1610523,300.0,69,2014,054-537-7590,경상북도 상주시청,2024-11-18,5110000,경상북도 상주시
순천시 문화의 거리,"천년의 역사를 간직하고 있는 순천시의 영동 행동 금곡동 일원은 1309년 순천 지명이 처음 등장한 이후 현재까지 전남 동부권의 역사. 문화. 교육. 행정의 중심지였다.문화의 거리에는 옛 문화의 정취를 느낄 수 있는 700년 순천부읍성, 순천향교, 임청대 등 다양한 전통문화유산과 100년 전 미국선교사들이 순천에 자리 잡아 만들어진 근대기 마을 등 순천 사람들이 살아왔던 이야기와 풍경들이 있다.1000년을 넘게 이어져온 순천의 이야기는 도심의 현대화, 도시 중심기능 및 상권의 이동에 따라 쇠퇴하게 된다. 순천시는 원도시의 정체성을 되찾고 신시가지와 상생할 수 있는 방안으로 원도심이 가진 풍부한 역사문화자원을 활용하여 ’천년의 역사 문화가 숨 쉬는 거리’ 조성사업을 추진하였다.",전라남도 순천시 금곡길 28 일원,전라남도 순천시 행동 95,34.954948,127.481603,750.0,110,2008,061-749-6802,전라남도 순천시청 문화예술과,2024-11-19,4820000,전라남도 순천시
학성가구전문거리,"가구전문 특화거리로 1980년대부터 매장마련이 용이하며 지가가 저렴한 가구점들이 모여들어 형성되었다. 법령상 근거가 마련된 이후 16년도에 상점가 등록이 되었으며, 울산 대표 가구거리로 많은 고객들이 방문하고 있다.",울산광역시 중구 가구거리 13,울산광역시 중구 학성동 207-1,35.55375714,129.3363067,455.0,52,2016,052-290-3310,울산광역시 중구청,2024-11-13,3690000,울산광역시 중구
태화십리대숲먹거리단지,"1993년부터 형성되기 시작한 태화십리대밭 먹거리단지는 강변 2㎞에 140여개의 음식점이 다양한 메뉴를 취급하면서 운영 중임. ○ 2019년 7월 제2호 국가정원으로 지정된 ‘태화강국가정원’, 십리에 걸쳐 강변의 푸름을 자랑하는 전국 유일의 ‘십리대숲’, 차를 마시면서 태화강을 한눈에 감상할 수 있는 ‘태화강 전망대’, 마치 견우와 직녀가 만나던 오작교를 연상케 하는 아름다운 다리 ‘십리대밭교’가 가까이 있어 자연경관이 아름다운 지역임.",울산광역시 중구 태화강국가정원길1,울산광역시 중구 태화동 942-15,35.55515004,129.276149,2000.0,140,2007,052-290-3730,울산광역시 중구청,2024-11-13,3690000,울산광역시 중구
청주서문시장 삼겹살거리,"<세종실록지리지> 충청도편에도 청주가 돼지고기를 공물로 바쳤다고 기록되어 있을 정도로 청주는 삼겹살의 고장으로 손색이 없고, 청주를 대표하는 음식인 삼겹살을 과거 청주의 대표적인 시장 인 서문시장 주변을 음식특화거리로 지정하여 운영 중임. 이 거리에서는 독특한 파채, 파무침, 파절임 등 다양한 파절이가 특징인 맛있는 청주 삼겹살을 저렴하게 접할 수 있음.",충청북도 청주시 상당구 남사로89번길 일원,,36.634023,127.485395,230.0,12,2012,043-201-1988,충청북도 청주시청,2022-05-30,5710000,충청북도 청주시
서초음악문화지구,클래식 문화예술 특화거리,남부순환로317길,서울특별시 서초구 서초동 1475,,,410109.0,176,2018,02-2155-6202,서울특별시 서초구청,2023-07-07,3210000,서울특별시 서초구
걷고 싶은거리,걷고싶은 안성맞춤 명품거리에 가로수 조성을 구간별로 마중길+신명길+나래길로 구성.“안성의 장인정신 문화 예술이 세계의 중심에 서다” 의 상징적 의미를 두고 있음.,경기도 안성시 남파로+중앙로 일원,,,,4500.0,0,2012,031-678-2492,안성시 문화관광과,2023-06-27,4080000,경기도 안성시
김호중 소리길,김천예술고등학교에서 교동 연화지까지 이어지는 김호중 거리,경상북도 김천시 한일길 9-2,경상북도 김천시 교동 945-16,,,100.0,15,2020,054-420-6824,경상북도 김천시청,2024-06-26,5060000,경상북도 김천시
광양불고기 특화거리,광양숯불구이 축제가 열리는 서천변 일대 특화거리,전라남도 광양시 서천1길,전라남도 광양시 광양읍 칠성리 983,34.96947056,127.579099,792.0,43,2011,061-797-4052,전라남도 광양시청,2024-06-19,4840000,전라남도 광양시
이순신대교 먹거리타운,이순신 대교 일대의 먹거리 타운,전라남도 광양시 발섬6길,전라남도 광양시 중동 1798,34.93485642,127.6999269,624.0,122,2013,061-797-4052,전라남도 광양시청,2024-06-19,4840000,전라남도 광양시
진월망덕포구 먹거리타운,광양전어 축제가 열리는 망덕 포구 일대의 먹거리 타운,전라남도 광양시 진월면 망덕길,전라남도 광양시 진월면 망덕리 845-82,34.96787088,127.7579265,1417.0,15,2015,061-797-4052,전라남도 광양시청,2024-06-19,4840000,전라남도 광양시
파주 연풍길,연풍길 내 유휴공간을 리모델링하여 창작문화거리로 조성,경기도 파주시 연풍5길 일원,경기도 파주시 파주읍 연풍리 299-5번지 일원,37.8283376,126.3902786,350.0,13,2019,031-940-5722,경기도 파주시청,2024-06-18,4060000,경기도 파주시
장단콩 두부특화거리,파주시 지역특산물 장단콩을 활용하여 특색있는 두부 먹거리 촌으로 조성,경기도 파주시 법원읍 사임당로 809-1 ~ 827 일원,경기도 파주시 법원읍 대능리 94-192 ~ 94-38 일원,37.849387,126.872785,250.0,39,2021,031-940-8043,경기도 파주시청,2024-06-18,4060000,경기도 파주시
마지리벽화마을,말과 소로 대표되는 마을의 특성을 벽화로 표현,"경기도 파주시 적성면 솥뒤로 37번길, 57번길 일대","경기도 파주시 적성면 마지리 39번지, 172번지 일대",37.9541803,126.9184111,276.0,0,2015,031-940-8186,경기도 파주시청,2024-06-18,4060000,경기도 파주시
깔깔거리,구로디지털단지가 인접한 음식문화 특화거리,"서울특별시 구로구 디지털로32길, 디지털로32나길 일대",서울특별시 구로구 구로동 1124-7 (인근),,,410.0,182,2009,02-860-3233,서울특별시 구로구청,2024-06-18,3160000,서울특별시 구로구
명품가로공원,"도심 속 일상생활에서 접할 수 있는 다양한 수목과 초화, 수경시설을 만날 수 있는 쉼터",부산광역시 사상구 광장로,부산광역시 사상구 괘법동 572-18,35.16314953,128.978746,700.0,12,2013,051-310-4536,부산광역시 사상구청,2024-06-15,3390000,부산광역시 사상구
삼락재첩거리,사상구의 유명 요리인 재첩국을 맛볼 수 있는 맛집이 모여 있는 거리,부산광역시 사상구 낙동대로1530번길,부산광역시 사상구 삼락동 69-9,35.19351121,128.9863871,337.0,4,2022,051-310-4067,부산광역시 사상구청,2024-06-15,3390000,부산광역시 사상구
전포카페거리,"번화가인 서면1번가 맞은편 쪽에는 아기자기하게 꾸며놓은 개성있는 카페 30여곳이 들어서 있는 카페거리는 원래 공구, 철물 등 산업용품 및 자재를 파는 가게들이 많던 공구상가 거리였으나 2010년 이후 아기자기한 카페들이 들어서면서 이색적인 카페거리로 불리고 있다.",부산광역시 부산진구 전포대로209번길 26,부산광역시 부산진구 전포동 682,,,1050.0,35,2012,051-605-5821,부산광역시 부산진구청,2024-06-17,3290000,부산광역시 부산진구
퀸스로드 의류패션 명물거리,정통 유럽형 아울렛 단지로 쇼핑과 문화를 즐기는 복합문화공간,대구광역시 서구 평리로35길 18-8,대구광역시 서구 중리동 1136-167,35.86144513,128.5442471,942.0,90,2004,053-663-2654,대구광역시 서구청,2024-06-11,3430000,대구광역시 서구
서부오味가味거리,전통시장을 현대화하여 다양한 매뉴의 음식점 운영,대구광역시 서구 달서로 144-8,대구광역시 서구 비산동 434-14,35.87565992,128.5722265,280.0,50,2015,053-663-2654,대구광역시 서구청,2024-06-11,3430000,대구광역시 서구
원대가구 명물거리,유명브랜드 가구 및 사무용가구 전시 판매,대구광역시 서구 원대동1가 고성로 90,대구광역시 서구 원대동1가 173,35.88307256,128.5758974,730.0,33,2008,053-663-2654,대구광역시 서구청,2024-06-11,3430000,대구광역시 서구
큰장길 침구류 명물거리,침구류 상점 운영,대구광역시 서구 큰장로 81,대구광역시 서구 내당동 1008-46,35.8668933,128.5752095,1920.0,74,2004,053-663-2654,대구광역시 서구청,2024-06-11,3430000,대구광역시 서구
공구상가거리,공구상가가 밀집되어 있는 거리,충청남도 천안시 서북구 신용로,충청남도 천안시 동남구 다가동 368-39,36.80118377,127.1421752,600.0,215,2008,041-521-5609,충청남도 천안시청,2024-06-07,4490000,충청남도 천안시
상상길,한국의 아름다움을 상상하고 한국을 보고싶어하는 전 세계인의 마음을 모아 오색블록에 이름을 새겨 조성한 길,경상남도 창원시 마산합포구 동서북 10길,,35.206651,128.576475,155.0,70,2015,055-225-3701,경상남도 창원시청,2023-07-07,5670000,경상남도 창원시
마산아구찜거리,"창원(옛 마산)을 상징하는 요리중 하나로 건아귀로 만드는 마산아구찜만의 특유의 쫀득함과 담백함으로 전국적인 인기를 끌면서, 조리법을 배우거나 스스로 익힌 아구 요리 전문점이 하나 둘 생겨나 지금의 아구찜 거리가 형성되었다.",경상남도 창원시 마산합포구 아구찜길,,35.205586,128.578445,350.0,17,2016,055-225-3701,경상남도 창원시청,2023-07-07,5670000,경상남도 창원시
매운탕거리,괴산의 향토음식인 민물매운탕을 특화시켜 거리를 조성,충청북도 괴산군 괴산읍 괴강로느티울길 8-2,,36.805161,127.819195,800.0,8,2010,043-830-3473,충청북도 괴산군청,2023-07-10,4460000,충청북도 괴산군
미조항 음식특구,"남해의 싱싱한 활어회와 멸치, 갈치 등을 맛볼 수 있는 40여개의 음식점이 몰려 있음(미조면 미조로 ~ 미송로)",경상남도 남해군 미조면 미조로,,34.71222798,128.0466123,863.0,35,2015,055-860-8741,남해군 보건소,2024-03-18,5430000,경상남도 남해군
송도꽃게거리,"꽃게의 제철에 송도유원지 앞에서 인천상륙작전기념관 앞까지 이르는 길에는 꽃게요리를 맛보려는 차량행렬과 사람물결이 이어진다. 이곳이 바로 꽃게탕을 주메 뉴로 하는 음식점이 밀집되어 있는 꽃게거리다. 인천 사람도 많지만 서울이나 인근 수도권에서 일부러 꽃게요리를 맛보기 위해 찾는 발길도 많다. 제철이 따로 있다지만 저장기술이 발달한 요즈음은 사시사철 속이 꽉 찬 꽃게를 맛볼 수 있다. 유원지와 기념관, 시립박물관 등이 지척이라 가족나들이 코스로도 손색없다.",인천광역시 연수구 능허대로217+인권로8+대암로22번길 일원,인천광역시 연수구 옥련동 555-2+옥련동 550,37.416619,126.650713,82.0,6,1998,032-749-7952,인천광역시 연수구청,2024-03-31,3520000,인천광역시 연수구
노량진 컵밥거리,"노점으로 인한 보행불편, 위생, 안전 등 다양한 문제해결을 위해 좁은 보도에 밀집한 노점들을 보도공간이 넓은 곳으로 이전하여 ‘거리가게 특화거리’ 조성",서울특별시 동작구 노량진로 178,서울특별시 동작구 노량진동 148-88,37.51340778,126.9456937,92.0,26,2015,02-820-9152,서울특별시 동작구청,2024-07-03,3190000,서울특별시 동작구
홍주골 음식문화 거리,70여곳의 음식점이 밀집되어 있는 T자형 음식문화거리,충청남도 홍성군 홍성읍 법원로 23,충청남도 홍성군 홍성읍 월산리 895-3,,,800.0,70,2014,041-630-9015,충청남도 홍성군보건소,2024-06-28,4600000,충청남도 홍성군
